date,open,high,low,close,adj_close,volume
2007-01-03,40.72,41.32,38.89,39.92,39.92,7126000.0
2007-01-04,39.88,41.0,39.43,40.82,40.82,4503700.0
2007-01-05,40.78,40.9,40.12,40.62,40.62,2730200.0
2007-01-08,40.41,40.97,40.13,40.45,40.45,5234800.0
2007-01-09,40.5,40.51,39.38,39.63,39.63,5672900.0
2007-01-10,39.15,39.59,38.73,39.22,39.22,5652600.0
2007-01-11,39.4,40.38,39.24,39.88,39.88,4358600.0
2007-01-12,39.65,40.2,39.5,39.96,39.96,3682900.0
2007-01-16,40.25,40.75,39.81,40.05,40.05,5154000.0
2007-01-17,40.03,40.55,39.8,40.2,40.2,3588200.0
2007-01-18,40.1,40.4,38.42,38.57,38.57,5253800.0
2007-01-19,38.32,38.57,37.5,38.4,38.4,8014400.0
2007-01-22,38.44,38.63,37.2,37.83,37.83,6619400.0
2007-01-23,37.65,37.96,37.37,37.52,37.52,4659000.0
2007-01-24,38.0,39.74,37.93,39.69,39.69,7193900.0
2007-01-25,39.72,39.97,38.84,39.13,39.13,5774000.0
2007-01-26,39.17,39.66,38.66,39.26,39.26,4162300.0
2007-01-29,39.4,39.75,38.91,39.35,39.35,3994000.0
2007-01-30,39.55,39.55,38.83,39.01,39.01,5017100.0
2007-01-31,38.88,39.13,38.28,38.87,38.87,4714500.0
2007-02-01,38.91,38.99,38.32,38.76,38.76,4656800.0
2007-02-02,39.05,39.21,38.42,38.97,38.97,3222700.0
2007-02-05,39.04,39.06,38.38,38.44,38.44,3153200.0
2007-02-06,39.08,39.2,38.0,38.46,38.46,6089100.0
2007-02-07,38.65,38.85,38.03,38.15,38.15,4215200.0
2007-02-08,38.18,38.4,37.93,38.05,38.05,3965100.0
2007-02-09,38.2,38.34,37.45,37.68,37.68,4413100.0
2007-02-12,37.99,38.19,37.47,38.09,38.09,6753800.0
2007-02-13,38.59,39.07,38.3,38.43,38.43,7579700.0
2007-02-14,38.44,38.7,38.42,38.6,38.6,10016000.0
2007-02-15,38.72,39.3,38.34,39.25,39.25,5954600.0
2007-02-16,39.48,40.43,39.22,40.27,40.27,9257600.0
2007-02-20,40.09,40.76,39.5,40.74,40.74,5092100.0
2007-02-21,40.52,41.04,40.51,40.95,40.95,5482200.0
2007-02-22,40.97,41.1,40.23,40.81,40.81,4425800.0
2007-02-23,40.9,40.96,40.24,40.63,40.63,3388600.0
2007-02-26,40.65,40.99,40.13,40.74,40.74,3723600.0
2007-02-27,40.16,40.44,38.64,38.92,38.92,8081800.0
2007-02-28,38.21,39.62,38.21,39.25,39.25,6130400.0
2007-03-01,38.5,39.64,38.3,39.26,39.26,5726400.0
2007-03-02,38.8,39.83,38.65,38.66,38.66,6431600.0
2007-03-05,38.4,39.4,38.3,38.52,38.52,5129400.0
2007-03-06,39.05,39.4,38.58,39.04,39.04,6103400.0
2007-03-07,38.7,39.27,38.58,38.74,38.74,4392800.0
2007-03-08,39.2,39.35,38.96,39.08,39.08,4564600.0
2007-03-09,39.47,39.48,38.9,39.17,39.17,3252700.0
2007-03-12,39.01,39.7,39.0,39.64,39.64,3340100.0
2007-03-13,39.31,39.6,38.65,38.65,38.65,5787100.0
2007-03-14,38.57,39.31,38.4,39.3,39.3,4359100.0
2007-03-15,39.25,39.52,38.57,38.62,38.62,5087700.0
2007-03-16,38.2,39.56,38.2,39.17,39.17,7545200.0
2007-03-19,39.8,40.57,39.6,40.24,40.24,4909900.0
2007-03-20,40.4,41.12,40.02,40.74,40.74,8529700.0
2007-03-21,42.6,43.3,42.03,43.3,43.3,18238600.0
2007-03-22,42.88,43.1,42.62,42.86,42.86,10115900.0
2007-03-23,43.0,43.09,42.56,42.79,42.79,6467400.0
2007-03-26,42.94,43.31,42.14,43.16,43.16,6614500.0
2007-03-27,43.54,43.95,42.69,42.9,42.9,7792700.0
2007-03-28,42.6,42.79,41.55,41.58,41.58,11530200.0
2007-03-29,42.21,42.21,40.78,41.53,41.53,8960300.0
2007-03-30,41.37,41.77,40.89,41.7,41.7,5511700.0
2007-04-02,41.56,41.92,41.03,41.65,41.65,5393800.0
2007-04-03,42.06,42.66,41.9,42.35,42.35,7131400.0
2007-04-04,42.11,42.7,42.1,42.7,42.7,4520600.0
2007-04-05,42.69,42.88,42.08,42.61,42.61,4781700.0
2007-04-09,42.75,42.96,42.34,42.7,42.7,3474400.0
2007-04-10,42.64,43.06,42.6,43.0,43.0,4020000.0
2007-04-11,42.85,43.0,41.88,42.1,42.1,4706300.0
2007-04-12,42.11,42.49,41.86,42.4,42.4,3639300.0
2007-04-13,42.2,42.2,41.17,41.64,41.64,7802500.0
2007-04-16,42.83,42.9,42.23,42.4,42.4,7416300.0
2007-04-17,42.53,43.01,41.88,43.0,43.0,6449300.0
2007-04-18,42.83,43.08,42.37,42.97,42.97,5553500.0
2007-04-19,42.66,42.78,42.1,42.39,42.39,4728800.0
2007-04-20,42.94,43.0,42.0,42.14,42.14,7892100.0
2007-04-23,42.19,42.4,42.02,42.16,42.16,4665900.0
2007-04-24,42.23,42.73,42.02,42.5,42.5,4746000.0
2007-04-25,42.65,42.83,42.16,42.71,42.71,4254800.0
2007-04-26,42.54,43.55,42.39,43.26,43.26,8179100.0
2007-04-27,43.02,43.66,42.49,42.89,42.89,5435800.0
2007-04-30,42.75,42.97,41.56,41.56,41.56,6962200.0
2007-05-01,41.67,41.87,40.82,41.73,41.73,5909400.0
2007-05-02,41.65,41.85,41.44,41.51,41.51,5275200.0
2007-05-03,41.6,41.75,41.09,41.2,41.2,4452600.0
2007-05-04,41.5,41.7,41.06,41.33,41.33,3554500.0
2007-05-07,41.33,41.59,41.01,41.31,41.31,3836300.0
2007-05-08,41.51,41.58,40.91,41.37,41.37,6516500.0
2007-05-09,41.2,41.46,40.8,41.26,41.26,8179500.0
2007-05-10,41.1,41.56,40.58,40.66,40.66,7098000.0
2007-05-11,40.91,41.83,40.67,41.7,41.7,9704100.0
2007-05-14,41.75,42.47,41.38,41.81,41.81,8094900.0
2007-05-15,41.98,42.23,41.11,41.37,41.37,6743700.0
2007-05-16,41.74,42.29,41.61,42.29,42.29,7193400.0
2007-05-17,42.12,42.89,41.73,42.42,42.42,8927200.0
2007-05-18,42.55,43.62,42.37,43.59,43.59,9544200.0
2007-05-21,43.94,44.0,43.03,43.25,43.25,6628600.0
2007-05-22,43.21,44.0,43.21,43.59,43.59,5495500.0
2007-05-23,43.6,43.8,43.15,43.23,43.23,4334100.0
2007-05-24,43.35,43.4,41.68,41.99,41.99,7227200.0
2007-05-25,42.22,42.59,42.08,42.38,42.38,3633000.0
2007-05-29,42.34,43.26,42.34,42.87,42.87,5429900.0
2007-05-30,42.47,43.22,42.2,43.22,43.22,4574500.0
2007-05-31,43.95,44.92,43.65,44.06,44.06,8689800.0
2007-06-01,44.15,44.88,44.12,44.53,44.53,4932400.0
2007-06-04,44.48,44.76,44.01,44.58,44.58,4132800.0
2007-06-05,44.33,44.5,43.95,44.34,44.34,4667300.0
2007-06-06,44.19,44.19,43.43,43.64,43.64,5220000.0
2007-06-07,43.39,43.7,42.52,42.72,42.72,5676700.0
2007-06-08,42.45,43.11,42.45,43.04,43.04,5390200.0
2007-06-11,43.2,43.53,42.86,42.99,42.99,5431500.0
2007-06-12,42.6,43.39,42.45,42.73,42.73,5659200.0
2007-06-13,43.16,44.13,42.9,44.11,44.11,7711800.0
2007-06-14,44.3,44.5,43.65,43.96,43.96,11963300.0
2007-06-15,44.43,44.5,42.43,42.75,42.75,21342400.0
2007-06-18,42.65,42.94,42.35,42.67,42.67,5937400.0
2007-06-19,42.3,42.75,42.15,42.48,42.48,4917400.0
2007-06-20,42.41,42.54,41.3,41.37,41.37,8754900.0
2007-06-21,41.27,41.89,40.5,41.53,41.53,7481100.0
2007-06-22,41.3,41.62,40.62,40.84,40.84,6877100.0
2007-06-25,40.84,41.11,40.17,40.34,40.34,7579400.0
2007-06-26,40.03,40.12,39.25,39.84,39.84,14366100.0
2007-06-27,39.97,40.51,39.79,40.47,40.47,7707800.0
2007-06-28,40.36,40.78,39.99,40.42,40.42,8004600.0
2007-06-29,40.56,40.66,39.82,40.15,40.15,6536600.0
2007-07-02,40.15,40.34,39.87,40.16,40.16,5349200.0
2007-07-03,40.16,40.76,40.14,40.71,40.71,3545700.0
2007-07-05,40.8,41.01,40.08,40.93,40.93,5362800.0
2007-07-06,41.0,41.2,40.63,41.02,41.02,4612400.0
2007-07-09,40.97,40.98,40.42,40.72,40.72,5482800.0
2007-07-10,40.6,40.73,40.28,40.36,40.36,4472100.0
2007-07-11,40.27,40.97,40.2,40.84,40.84,4827400.0
2007-07-12,40.94,41.55,40.6,41.55,41.55,7919600.0
2007-07-13,41.35,41.5,40.84,41.18,41.18,4513100.0
2007-07-16,41.04,41.26,40.85,41.06,41.06,4075800.0
2007-07-17,41.1,41.74,40.82,41.46,41.46,6272600.0
2007-07-18,41.25,41.81,40.91,41.41,41.41,8028500.0
2007-07-19,41.31,42.54,41.31,42.2,42.2,9162600.0
2007-07-20,42.41,42.5,41.2,41.64,41.64,8530900.0
2007-07-23,41.87,42.85,41.79,42.36,42.36,8853700.0
2007-07-24,42.17,42.73,41.65,41.78,41.78,6720600.0
2007-07-25,41.97,42.12,41.41,41.72,41.72,5081700.0
2007-07-26,41.15,42.0,40.3,41.19,41.19,8102300.0
2007-07-27,41.21,41.21,40.26,40.39,40.39,8914800.0
2007-07-30,40.79,41.09,40.13,40.89,40.89,8400500.0
2007-07-31,41.02,41.3,40.11,40.29,40.29,8404100.0
2007-08-01,40.29,40.49,38.57,39.58,39.58,15048500.0
2007-08-02,39.4,39.8,39.05,39.52,39.52,6714400.0
2007-08-03,39.47,39.66,38.7,38.75,38.75,7005100.0
2007-08-06,38.71,39.77,38.54,39.38,39.38,7147600.0
2007-08-07,39.08,39.91,38.61,39.42,39.42,6868500.0
2007-08-08,39.61,40.67,39.5,40.23,40.23,6291900.0
2007-08-09,39.9,41.74,39.86,40.75,40.75,7370400.0
2007-08-10,41.3,41.62,40.1,41.06,41.06,6520400.0
2007-08-13,41.0,41.13,40.26,40.83,40.83,4825100.0
2007-08-14,41.01,41.05,40.18,40.41,40.41,4473000.0
2007-08-15,40.22,41.25,40.12,40.18,40.18,5243300.0
2007-08-16,39.83,40.56,39.28,39.96,39.96,6648800.0
2007-08-17,40.18,40.48,39.32,40.32,40.32,9159800.0
2007-08-20,40.55,40.85,39.94,40.74,40.74,4379900.0
2007-08-21,40.41,40.95,39.87,40.13,40.13,4788600.0
2007-08-22,40.4,41.0,40.2,40.77,40.77,4412000.0
2007-08-23,40.82,40.99,40.33,40.6,40.6,3601800.0
2007-08-24,40.5,40.65,39.8,40.41,40.41,6490800.0
2007-08-27,40.38,41.11,40.25,40.81,40.81,4675000.0
2007-08-28,40.66,41.64,40.66,40.87,40.87,6711000.0
2007-08-29,41.39,42.36,41.13,42.25,42.25,7249600.0
2007-08-30,42.2,43.04,41.9,42.22,42.22,5807700.0
2007-08-31,42.75,42.99,42.51,42.75,42.75,4191400.0
2007-09-04,42.75,43.75,42.68,43.45,43.45,5810700.0
2007-09-05,43.22,43.9,43.22,43.75,43.75,5658700.0
2007-09-06,43.91,43.99,43.5,43.72,43.72,3718100.0
2007-09-07,43.34,43.42,42.53,42.96,42.96,5277000.0
2007-09-10,43.14,43.8,43.03,43.22,43.22,5199800.0
2007-09-11,43.39,43.78,43.32,43.74,43.74,4756100.0
2007-09-12,43.68,43.99,43.4,43.78,43.78,4094500.0
2007-09-13,43.99,44.0,42.97,43.31,43.31,6436900.0
2007-09-14,43.07,43.65,42.9,43.41,43.41,5057500.0
2007-09-17,43.71,43.75,42.55,43.06,43.06,12499300.0
2007-09-18,44.51,44.8,42.91,43.71,43.71,20897500.0
2007-09-19,43.55,44.08,43.3,43.83,43.83,11192100.0
2007-09-20,43.64,44.0,42.44,42.8,42.8,12614200.0
2007-09-21,42.91,43.37,41.71,41.95,41.95,13267000.0
2007-09-24,41.76,42.29,41.26,41.5,41.5,11032300.0
2007-09-25,41.26,43.0,41.26,42.74,42.74,11945900.0
2007-09-26,43.09,44.0,42.69,43.41,43.41,10196100.0
2007-09-27,43.5,43.65,43.11,43.45,43.45,5023800.0
2007-09-28,43.64,43.94,43.39,43.66,43.66,5847500.0
2007-10-01,43.89,44.15,42.94,44.0,44.0,6104500.0
2007-10-02,44.05,44.49,43.75,44.23,44.23,5045800.0
2007-10-03,43.98,44.36,43.77,43.98,43.98,5511900.0
2007-10-04,44.0,44.49,43.84,44.25,44.25,7487500.0
2007-10-05,44.4,44.8,44.1,44.64,44.64,7248000.0
2007-10-08,44.64,45.0,44.4,44.99,44.99,5424900.0
2007-10-09,45.0,45.35,44.41,44.97,44.97,7259300.0
2007-10-10,44.9,45.69,44.64,45.58,45.58,7339500.0
2007-10-11,45.75,46.19,45.37,45.49,45.49,11532800.0
2007-10-12,45.89,46.32,45.39,46.12,46.12,5627300.0
2007-10-15,45.91,46.04,45.22,45.71,45.71,5751000.0
2007-10-16,45.65,45.88,45.34,45.67,45.67,5272000.0
2007-10-17,45.84,46.32,45.17,45.97,45.97,7207000.0
2007-10-18,45.97,47.43,45.76,47.11,47.11,8384800.0
2007-10-19,47.08,47.52,46.25,46.27,46.27,9980200.0
2007-10-22,46.22,47.16,46.0,47.12,47.12,5481600.0
2007-10-23,47.26,47.81,47.0,47.75,47.75,5460300.0
2007-10-24,47.55,48.0,46.71,48.0,48.0,6642000.0
2007-10-25,48.01,48.47,46.9,47.2,47.2,7042600.0
2007-10-26,47.71,48.0,46.73,47.0,47.0,6726500.0
2007-10-29,47.2,47.26,46.42,47.0,47.0,6132000.0
2007-10-30,47.39,47.8,47.15,47.55,47.55,5106100.0
2007-10-31,47.45,47.9,46.81,47.9,47.9,6175600.0
2007-11-01,47.75,47.86,46.89,46.92,46.92,5657800.0
2007-11-02,47.49,48.0,47.08,47.88,47.88,6579500.0
2007-11-05,47.58,47.88,46.9,47.7,47.7,5202000.0
2007-11-06,47.85,48.27,47.1,47.63,47.63,5025100.0
2007-11-07,47.15,47.31,46.17,46.17,46.17,6622200.0
2007-11-08,46.1,46.19,44.02,45.03,45.03,11533900.0
2007-11-09,43.84,44.13,43.05,43.24,43.24,10345700.0
2007-11-12,43.34,43.34,42.13,42.19,42.19,9918600.0
2007-11-13,41.0,41.36,39.56,40.86,40.86,32004300.0
2007-11-14,41.35,42.06,40.59,41.02,41.02,13247100.0
2007-11-15,41.0,41.69,40.53,40.82,40.82,9575800.0
2007-11-16,41.4,42.52,41.13,42.19,42.19,16459600.0
2007-11-19,41.95,42.85,41.75,42.47,42.47,10280100.0
2007-11-20,42.71,42.8,41.53,42.3,42.3,7339800.0
2007-11-21,41.87,42.44,41.47,41.84,41.84,4771600.0
2007-11-23,41.9,42.0,41.27,41.91,41.91,1747100.0
2007-11-26,41.69,41.99,40.81,40.9,40.9,6202200.0
2007-11-27,41.03,41.58,40.4,41.07,41.07,6877100.0
2007-11-28,41.3,42.36,41.07,42.03,42.03,6275000.0
2007-11-29,42.18,42.96,42.0,42.75,42.75,5094500.0
2007-11-30,43.01,43.14,41.8,42.14,42.14,6717000.0
2007-12-03,41.87,43.1,41.85,42.69,42.69,9153400.0
2007-12-04,42.22,43.65,42.22,43.32,43.32,6540200.0
2007-12-05,43.93,44.29,43.61,43.9,43.9,5883900.0
2007-12-06,44.2,44.64,43.71,44.54,44.54,5545300.0
2007-12-07,44.3,44.54,43.87,44.37,44.37,3709400.0
2007-12-10,44.5,44.79,44.24,44.62,44.62,4767300.0
2007-12-11,44.49,44.7,43.0,43.27,43.27,7853300.0
2007-12-12,43.87,44.19,42.94,43.54,43.54,6304500.0
2007-12-13,43.5,44.09,43.48,43.9,43.9,4995600.0
2007-12-14,43.6,43.75,41.97,42.11,42.11,9509200.0
2007-12-17,41.79,41.94,40.59,40.9,40.9,12301900.0
2007-12-18,42.17,43.97,41.58,42.03,42.03,17588300.0
2007-12-19,42.09,42.25,41.36,41.87,41.87,7207800.0
2007-12-20,41.94,42.36,41.55,42.17,42.17,6227400.0
2007-12-21,42.53,42.65,41.66,42.18,42.18,10437900.0
2007-12-24,42.77,43.12,42.2,42.84,42.84,3104000.0
2007-12-26,43.1,43.24,42.71,43.12,43.12,4655600.0
2007-12-27,43.11,43.19,42.25,42.34,42.34,4286600.0
2007-12-28,42.81,43.05,42.53,42.93,42.93,4098400.0
2007-12-31,42.58,43.14,42.5,42.73,42.73,3416700.0
2008-01-02,42.9,43.25,41.45,41.71,41.71,6047700.0
2008-01-03,41.55,42.21,41.5,41.79,41.79,5186700.0
2008-01-04,41.3,41.49,40.01,40.36,40.36,8938700.0
2008-01-07,40.39,40.75,39.68,40.24,40.24,7757600.0
2008-01-08,39.9,40.19,39.19,39.22,39.22,8896200.0
2008-01-09,39.41,39.62,38.92,39.46,39.46,9059100.0
2008-01-10,39.34,39.5,38.69,39.25,39.25,8393300.0
2008-01-11,38.84,39.19,37.92,38.05,38.05,10801200.0
2008-01-14,38.48,38.64,38.03,38.48,38.48,7212600.0
2008-01-15,38.08,38.42,37.74,37.92,37.92,7776000.0
2008-01-16,37.75,38.37,37.46,37.7,37.7,8595200.0
2008-01-17,37.19,37.52,34.9,35.55,35.55,16896300.0
2008-01-18,35.04,36.01,34.8,35.33,35.33,13735800.0
2008-01-22,33.01,34.49,32.99,34.0,34.0,10188900.0
2008-01-23,33.21,34.48,32.61,34.35,34.35,10292400.0
2008-01-24,33.56,34.7,33.56,34.64,34.64,7290400.0
2008-01-25,34.98,35.62,34.72,34.84,34.84,9220200.0
2008-01-28,35.22,35.32,34.8,35.15,35.15,5746400.0
2008-01-29,35.4,35.85,34.77,35.54,35.54,5445400.0
2008-01-30,35.54,36.45,35.21,35.94,35.94,8767300.0
2008-01-31,33.87,35.13,33.44,34.93,34.93,16394600.0
2008-02-01,34.67,34.99,33.44,34.48,34.48,12343100.0
2008-02-04,34.55,35.46,34.51,35.21,35.21,7861500.0
2008-02-05,33.99,34.76,33.79,33.96,33.96,7366800.0
2008-02-06,34.48,34.69,32.41,32.76,32.76,13228200.0
2008-02-07,32.41,33.07,32.08,32.62,32.62,13594100.0
2008-02-08,32.65,33.28,32.18,33.19,33.19,9771200.0
2008-02-11,33.28,34.14,33.15,33.84,33.84,9909400.0
2008-02-12,33.95,35.02,33.91,34.38,34.38,9894800.0
2008-02-13,34.69,35.36,34.42,35.0,35.0,9843400.0
2008-02-14,35.2,35.21,34.67,34.96,34.96,6616600.0
2008-02-15,34.93,34.95,34.21,34.67,34.67,5665200.0
2008-02-19,35.41,35.53,34.8,34.9,34.9,6413100.0
2008-02-20,34.35,35.28,34.25,35.05,35.05,6438600.0
2008-02-21,35.14,35.53,34.67,34.78,34.78,6057000.0
2008-02-22,34.85,35.19,34.46,35.09,35.09,5974300.0
2008-02-25,35.08,35.85,35.01,35.54,35.54,8105100.0
2008-02-26,35.61,36.46,35.44,35.87,35.87,6541500.0
2008-02-27,35.48,35.83,35.02,35.46,35.46,6385200.0
2008-02-28,35.3,35.7,34.97,35.34,35.34,5330500.0
2008-02-29,34.91,34.92,33.48,33.65,33.65,12307400.0
2008-03-03,33.49,33.68,32.53,32.86,32.86,12553200.0
2008-03-04,32.84,33.12,32.43,33.07,33.07,8178800.0
2008-03-05,33.0,33.08,32.01,32.42,32.42,10868700.0
2008-03-06,32.4,33.11,32.21,32.47,32.47,7411400.0
2008-03-07,32.59,33.28,32.04,32.55,32.55,7287400.0
2008-03-10,32.6,32.99,31.92,31.94,31.94,8201400.0
2008-03-11,32.25,32.61,31.79,32.6,32.6,9612200.0
2008-03-12,33.17,34.23,32.89,33.34,33.34,8843200.0
2008-03-13,32.98,33.59,32.52,33.3,33.3,5875900.0
2008-03-14,32.81,33.71,32.24,32.61,32.61,7040400.0
2008-03-17,32.0,32.49,30.7,30.79,30.79,15095600.0
2008-03-18,31.53,31.9,31.1,31.88,31.88,12183700.0
2008-03-19,33.78,36.13,33.76,34.75,34.75,25122000.0
2008-03-20,34.82,35.5,34.25,34.45,34.45,12402200.0
2008-03-24,34.64,36.49,34.51,36.1,36.1,10783000.0
2008-03-25,36.58,36.65,35.81,36.54,36.54,8940000.0
2008-03-26,36.51,37.34,35.96,37.2,37.2,11395700.0
2008-03-27,37.12,37.12,35.68,35.68,35.68,7345900.0
2008-03-28,36.12,36.63,35.2,35.33,35.33,7229300.0
2008-03-31,35.69,35.9,35.3,35.59,35.59,8015500.0
2008-04-01,36.56,37.32,36.37,37.25,37.25,9317900.0
2008-04-02,37.38,37.52,36.2,36.5,36.5,8682900.0
2008-04-03,36.49,37.11,36.32,37.01,37.01,7608500.0
2008-04-04,37.0,37.35,36.63,36.97,36.97,5143300.0
2008-04-07,36.83,37.45,36.8,36.92,36.92,5811400.0
2008-04-08,36.64,37.19,36.51,36.83,36.83,4615900.0
2008-04-09,36.9,36.94,35.99,36.32,36.32,4304300.0
2008-04-10,36.08,37.19,36.0,37.09,37.09,8412500.0
2008-04-11,37.0,37.0,35.88,35.98,35.98,7464200.0
2008-04-14,35.95,36.62,35.73,36.29,36.29,5551400.0
2008-04-15,36.29,36.54,35.36,35.75,35.75,8108000.0
2008-04-16,36.1,36.54,35.46,36.42,36.42,10961500.0
2008-04-17,36.61,36.93,35.66,36.07,36.07,5755800.0
2008-04-18,36.99,36.99,36.08,36.27,36.27,8839300.0
2008-04-21,36.06,36.73,35.85,36.66,36.66,5040300.0
2008-04-22,36.73,36.74,35.61,36.17,36.17,8197500.0
2008-04-23,36.5,36.91,36.21,36.83,36.83,6037300.0
2008-04-24,36.77,37.79,36.41,37.43,37.43,5846700.0
2008-04-25,37.41,37.58,36.32,36.89,36.89,4628300.0
2008-04-28,37.02,37.51,36.65,37.18,37.18,5017000.0
2008-04-29,37.0,37.94,36.93,37.76,37.76,5444500.0
2008-04-30,37.79,38.1,37.28,37.29,37.29,4877400.0
2008-05-01,38.34,39.22,37.9,39.01,39.01,7222100.0
2008-05-02,39.23,40.41,39.12,40.38,40.38,8929400.0
2008-05-05,40.39,40.47,39.79,40.15,40.15,5761600.0
2008-05-06,40.15,40.45,39.53,40.25,40.25,4972300.0
2008-05-07,40.25,40.58,39.11,39.24,39.24,5310700.0
2008-05-08,39.49,40.15,39.11,40.0,40.0,5376200.0
2008-05-09,39.63,40.17,39.25,39.89,39.89,2800700.0
2008-05-12,39.83,40.5,39.35,40.44,40.44,4276600.0
2008-05-13,40.44,40.75,39.8,40.59,40.59,4722500.0
2008-05-14,40.71,41.51,40.59,40.94,40.94,4916100.0
2008-05-15,40.82,42.08,40.6,42.0,42.0,6364400.0
2008-05-16,42.17,42.45,41.71,42.26,42.26,5987200.0
2008-05-19,42.11,43.23,42.04,42.6,42.6,7216300.0
2008-05-20,41.44,42.02,41.02,41.66,41.66,6839200.0
2008-05-21,41.59,41.96,40.8,40.95,40.95,5445500.0
2008-05-22,40.88,41.66,40.82,41.4,41.4,3409400.0
2008-05-23,40.88,41.53,40.88,41.25,41.25,3645400.0
2008-05-27,41.16,42.1,41.05,41.99,41.99,4002200.0
2008-05-28,43.0,43.0,42.3,42.84,42.84,5750000.0
2008-05-29,42.75,44.08,42.75,43.8,43.8,6736600.0
2008-05-30,43.96,44.38,43.68,44.06,44.06,5842500.0
2008-06-02,43.97,44.24,42.76,43.46,43.46,5083100.0
2008-06-03,43.42,44.21,43.0,43.53,43.53,5405100.0
2008-06-04,43.6,44.66,43.31,44.25,44.25,4684700.0
2008-06-05,43.47,44.01,42.8,43.89,43.89,7158700.0
2008-06-06,43.6,43.6,42.3,42.3,42.3,5927900.0
2008-06-09,42.58,42.75,41.66,42.47,42.47,4553700.0
2008-06-10,42.36,42.36,41.47,41.74,41.74,5694400.0
2008-06-11,41.55,41.94,40.65,40.77,40.77,6523200.0
2008-06-12,40.88,41.59,40.6,40.99,40.99,5353400.0
2008-06-13,41.92,43.15,41.73,42.71,42.71,6345900.0
2008-06-16,42.32,43.11,42.08,42.85,42.85,6887300.0
2008-06-17,41.83,42.65,41.36,41.4,41.4,9027600.0
2008-06-18,40.81,41.54,40.71,40.94,40.94,6306400.0
2008-06-19,40.78,42.19,40.34,42.0,42.0,5714700.0
2008-06-20,41.54,41.76,40.33,40.55,40.55,8423200.0
2008-06-23,40.9,40.91,40.12,40.37,40.37,4999200.0
2008-06-24,40.86,41.81,40.7,41.38,41.38,6783600.0
2008-06-25,41.78,42.7,41.5,42.34,42.34,6023300.0
2008-06-26,41.89,41.93,40.78,40.83,40.83,7001400.0
2008-06-27,40.94,40.94,39.5,39.8,39.8,11824500.0
2008-06-30,39.63,39.99,39.28,39.39,39.39,6542300.0
2008-07-01,39.23,40.41,39.0,40.38,40.38,10247400.0
2008-07-02,40.54,41.3,39.81,39.81,39.81,7182600.0
2008-07-03,40.28,40.65,39.81,40.39,40.39,3387300.0
2008-07-07,39.79,40.86,38.81,39.72,39.72,8583900.0
2008-07-08,39.46,39.78,38.73,39.64,39.64,8355900.0
2008-07-09,39.49,39.74,38.23,38.23,38.23,6353000.0
2008-07-10,38.29,39.76,38.23,39.61,39.61,7147600.0
2008-07-11,39.1,40.2,38.69,39.24,39.24,6971500.0
2008-07-14,39.88,39.88,38.37,38.38,38.38,6995600.0
2008-07-15,39.09,40.53,37.75,39.83,39.83,10799100.0
2008-07-16,39.77,41.1,39.5,41.05,41.05,6940500.0
2008-07-17,40.93,41.71,40.65,41.54,41.54,5148300.0
2008-07-18,41.17,42.19,40.75,41.98,41.98,6190500.0
2008-07-21,41.87,41.94,40.7,41.16,41.16,5162100.0
2008-07-22,40.9,40.96,39.6,40.3,40.3,9957200.0
2008-07-23,40.72,42.34,40.63,41.82,41.82,10085000.0
2008-07-24,41.0,41.27,40.43,40.72,40.72,5533000.0
2008-07-25,41.07,41.42,40.6,40.9,40.9,5147700.0
2008-07-28,40.8,41.05,39.72,39.96,39.96,3895800.0
2008-07-29,40.24,41.32,40.17,41.01,41.01,5805100.0
2008-07-30,41.34,41.68,40.62,41.22,41.22,4989200.0
2008-07-31,40.93,41.93,40.58,41.35,41.35,6238600.0
2008-08-01,41.78,41.78,40.28,41.22,41.22,5907800.0
2008-08-04,41.44,41.64,40.61,41.29,41.29,3643400.0
2008-08-05,41.35,43.41,41.33,43.34,43.34,8839100.0
2008-08-06,43.1,43.77,42.61,43.53,43.53,6197900.0
2008-08-07,43.07,43.95,42.93,43.22,43.22,5956700.0
2008-08-08,43.4,45.34,43.34,45.15,45.15,8615800.0
2008-08-11,45.15,46.04,44.82,45.89,45.89,6081200.0
2008-08-12,45.91,46.44,45.54,45.62,45.62,8002000.0
2008-08-13,45.62,46.44,45.42,45.89,45.89,5299400.0
2008-08-14,45.48,45.69,45.01,45.36,45.36,6526100.0
2008-08-15,45.56,45.87,44.65,45.11,45.11,4432600.0
2008-08-18,44.79,44.97,43.75,44.1,44.1,7454200.0
2008-08-19,43.97,44.75,43.4,43.73,43.73,5218000.0
2008-08-20,44.03,44.72,43.66,44.28,44.28,4017800.0
2008-08-21,43.76,44.78,43.44,44.51,44.51,5308900.0
2008-08-22,44.88,45.09,44.5,44.91,44.91,4088800.0
2008-08-25,44.52,44.75,43.5,43.67,43.67,4250700.0
2008-08-26,43.73,43.84,43.12,43.36,43.36,5226600.0
2008-08-27,43.5,44.61,43.46,44.15,44.15,3737900.0
2008-08-28,44.27,44.74,44.07,44.31,44.31,4067400.0
2008-08-29,43.97,44.01,42.75,42.83,42.83,6947200.0
2008-09-02,43.83,44.16,42.59,42.85,42.85,6307000.0
2008-09-03,42.92,43.47,42.6,43.14,43.14,5380800.0
2008-09-04,43.67,43.99,42.19,42.19,42.19,6416700.0
2008-09-05,41.37,41.83,40.5,40.91,40.91,10903200.0
2008-09-08,40.49,41.73,40.22,41.61,41.61,7133300.0
2008-09-09,41.87,42.47,40.75,40.79,40.79,5914300.0
2008-09-10,41.35,41.35,40.45,40.73,40.73,4945200.0
2008-09-11,40.25,41.1,40.04,41.05,41.05,5504200.0
2008-09-12,40.9,40.9,39.9,40.47,40.47,7959800.0
2008-09-15,40.4,40.4,38.08,38.08,38.08,9701800.0
2008-09-16,38.51,39.15,36.15,38.14,38.14,11835200.0
2008-09-17,39.05,39.69,36.23,36.23,36.23,12494900.0
2008-09-18,37.66,45.26,37.17,39.65,39.65,12021000.0
2008-09-19,40.65,41.39,38.0,40.94,40.94,10298400.0
2008-09-22,40.78,41.0,39.17,39.23,39.23,4883100.0
2008-09-23,39.61,40.26,38.7,38.85,38.85,6523100.0
2008-09-24,39.06,40.01,39.0,39.45,39.45,4636000.0
2008-09-25,40.03,40.38,39.55,39.83,39.83,5256500.0
2008-09-26,39.18,40.1,38.92,39.99,39.99,5100900.0
2008-09-29,38.43,38.81,35.98,36.15,36.15,9597800.0
2008-09-30,36.72,39.53,36.49,39.47,39.47,10378600.0
2008-10-01,39.42,39.42,37.91,38.12,38.12,6296600.0
2008-10-02,37.88,37.9,35.11,35.22,35.22,9113000.0
2008-10-03,34.83,36.19,33.59,33.69,33.69,11062700.0
2008-10-06,31.93,33.45,29.41,30.71,30.71,17982700.0
2008-10-07,31.16,31.69,28.69,28.69,28.69,11395300.0
2008-10-08,28.86,31.19,28.43,30.0,30.0,14114100.0
2008-10-09,31.2,31.27,27.71,27.99,27.99,10862200.0
2008-10-10,26.65,28.88,25.63,27.12,27.12,14149100.0
2008-10-13,29.38,30.73,28.68,30.38,30.38,12510200.0
2008-10-14,31.33,31.45,28.86,29.2,29.2,9929400.0
2008-10-15,29.82,29.82,25.94,25.94,25.94,8377200.0
2008-10-16,26.0,28.21,24.45,27.69,27.69,11932400.0
2008-10-17,27.2,31.09,26.83,28.18,28.18,9703100.0
2008-10-20,27.99,29.38,27.79,29.31,29.31,5387400.0
2008-10-21,29.0,29.65,27.45,27.59,27.59,6964600.0
2008-10-22,27.09,27.16,24.56,25.4,25.4,9500400.0
2008-10-23,25.5,25.6,23.41,24.97,24.97,10769700.0
2008-10-24,23.0,24.63,22.88,23.89,23.89,10633700.0
2008-10-27,23.44,24.74,22.83,23.68,23.68,8235300.0
2008-10-28,24.23,27.15,23.93,27.08,27.08,10344100.0
2008-10-29,27.39,27.95,26.65,26.8,26.8,10320400.0
2008-10-30,27.41,27.88,26.25,26.86,26.86,9180600.0
2008-10-31,27.0,27.21,26.29,26.64,26.64,7816700.0
2008-11-03,26.79,27.3,26.13,27.16,27.16,5143800.0
2008-11-04,27.73,29.28,27.5,29.16,29.16,8840800.0
2008-11-05,28.96,29.08,27.06,27.22,27.22,8438400.0
2008-11-06,26.77,26.9,24.3,24.56,24.56,10048800.0
2008-11-07,24.92,25.39,24.07,24.59,24.59,7530800.0
2008-11-10,25.78,25.84,24.68,24.93,24.93,4765600.0
2008-11-11,24.77,24.91,23.45,23.64,23.64,7489100.0
2008-11-12,22.98,23.41,21.84,21.89,21.89,11727900.0
2008-11-13,21.68,24.38,21.12,24.3,24.3,11851900.0
2008-11-14,23.99,24.36,22.14,22.34,22.34,11111500.0
2008-11-17,21.91,23.41,21.51,22.8,22.8,10717700.0
2008-11-18,22.73,23.16,21.77,22.64,22.64,8217100.0
2008-11-19,22.54,23.87,21.6,21.63,21.63,9298800.0
2008-11-20,21.37,22.79,20.71,20.75,20.75,10482800.0
2008-11-21,21.1,21.41,19.85,21.38,21.38,13489000.0
2008-11-24,21.84,22.42,21.29,21.73,21.73,12915600.0
2008-11-25,21.97,22.78,21.5,22.42,22.42,13700100.0
2008-11-26,21.63,23.59,21.63,23.35,23.35,9062200.0
2008-11-28,22.87,23.43,22.75,23.16,23.16,4467800.0
2008-12-01,22.71,22.86,20.95,21.0,21.0,8593000.0
2008-12-02,21.41,22.25,21.01,22.0,22.0,7201400.0
2008-12-03,21.73,22.57,21.39,22.54,22.54,7296300.0
2008-12-04,20.91,21.66,20.0,20.44,20.44,18690600.0
2008-12-05,20.45,21.84,19.49,21.66,21.66,11494800.0
2008-12-08,21.85,23.0,21.85,22.6,22.6,7912100.0
2008-12-09,22.45,23.92,22.39,22.89,22.89,7419300.0
2008-12-10,23.26,23.88,22.78,23.44,23.44,5825900.0
2008-12-11,23.37,23.56,22.0,22.19,22.19,6443700.0
2008-12-12,21.95,22.53,21.33,22.43,22.43,6290700.0
2008-12-15,22.56,22.72,20.83,21.36,21.36,8273000.0
2008-12-16,22.13,22.42,20.92,22.32,22.32,10799400.0
2008-12-17,24.04,24.04,21.32,21.69,21.69,15258800.0
2008-12-18,21.84,22.09,21.01,21.38,21.38,8861100.0
2008-12-19,21.4,22.3,21.13,22.13,22.13,8235700.0
2008-12-22,21.97,21.98,20.66,21.11,21.11,5273400.0
2008-12-23,21.23,21.42,20.8,20.97,20.97,4399100.0
2008-12-24,20.75,21.18,20.71,21.13,21.13,1426700.0
2008-12-26,21.17,21.25,20.87,21.08,21.08,1942700.0
2008-12-29,21.11,21.15,20.01,20.52,20.52,4959000.0
2008-12-30,20.6,21.06,20.38,21.05,21.05,4910600.0
2008-12-31,20.85,21.6,20.85,21.29,21.29,4067000.0
2009-01-02,21.11,23.1,21.07,23.02,23.02,6670700.0
2009-01-05,22.52,23.31,22.5,23.13,23.13,7385500.0
2009-01-06,23.07,24.45,23.07,24.22,24.22,7032500.0
2009-01-07,23.57,24.81,23.51,24.23,24.23,12785700.0
2009-01-08,24.01,24.38,23.63,24.29,24.29,6207400.0
2009-01-09,23.99,24.5,23.42,24.01,24.01,6928300.0
2009-01-12,24.07,24.35,23.6,23.76,23.76,6952400.0
2009-01-13,22.97,23.22,21.75,22.1,22.1,14001200.0
2009-01-14,22.09,22.16,20.95,21.11,21.11,8298100.0
2009-01-15,21.04,21.3,20.45,20.83,20.83,10008600.0
2009-01-16,21.11,21.53,20.47,21.06,21.06,8056300.0
2009-01-20,21.1,21.1,19.34,19.39,19.39,8846200.0
2009-01-21,19.88,20.97,19.74,20.96,20.96,9536900.0
2009-01-22,19.84,20.25,19.06,19.32,19.32,13904200.0
2009-01-23,19.0,20.1,18.7,19.7,19.7,10483800.0
2009-01-26,19.95,20.44,19.67,19.93,19.93,6139300.0
2009-01-27,19.74,20.38,19.53,20.11,20.11,6385500.0
2009-01-28,20.71,21.2,20.34,20.89,20.89,7158500.0
2009-01-29,20.6,20.91,19.61,20.05,20.05,7692200.0
2009-01-30,20.26,20.33,19.21,19.31,19.31,8970700.0
2009-02-02,19.41,19.7,18.96,19.58,19.58,8305500.0
2009-02-03,19.69,19.76,19.13,19.7,19.7,7938700.0
2009-02-04,19.63,20.35,19.53,19.88,19.88,9637000.0
2009-02-05,19.64,21.04,19.44,20.91,20.91,11326400.0
2009-02-06,20.93,21.8,20.81,21.7,21.7,9851900.0
2009-02-09,22.0,22.01,21.1,21.42,21.42,7246500.0
2009-02-10,21.32,21.42,20.28,20.48,20.48,10924500.0
2009-02-11,20.43,20.86,19.9,20.31,20.31,7637800.0
2009-02-12,19.95,21.26,19.78,21.22,21.22,12831000.0
2009-02-13,20.96,21.37,20.85,21.1,21.1,8147400.0
2009-02-17,20.08,20.69,19.8,20.4,20.4,9782700.0
2009-02-18,20.33,20.69,20.07,20.39,20.39,7409800.0
2009-02-19,20.46,20.5,19.48,19.54,19.54,10428100.0
2009-02-20,18.98,19.15,17.7,18.04,18.04,21630100.0
2009-02-23,18.09,18.09,16.9,17.09,17.09,14265600.0
2009-02-24,17.31,18.33,17.22,18.17,18.17,12866800.0
2009-02-25,17.54,17.92,17.15,17.64,17.64,12999900.0
2009-02-26,17.47,17.67,16.65,16.7,16.7,15043500.0
2009-02-27,15.71,17.18,15.7,16.7,16.7,15832400.0
2009-03-02,16.49,16.66,15.97,16.04,16.04,13129800.0
2009-03-03,16.15,16.48,15.87,15.98,15.98,12539500.0
2009-03-04,16.16,16.61,15.9,16.32,16.32,8999700.0
2009-03-05,18.16,18.19,16.31,16.92,16.92,26498300.0
2009-03-06,17.16,17.43,16.75,17.16,17.16,10507400.0
2009-03-09,17.03,17.59,16.72,16.78,16.78,9298200.0
2009-03-10,17.19,18.54,17.11,18.52,18.52,11748000.0
2009-03-11,18.18,18.85,18.03,18.63,18.63,8658800.0
2009-03-12,18.47,19.51,18.28,19.43,19.43,9734900.0
2009-03-13,19.24,19.31,18.33,18.68,18.68,11491000.0
2009-03-16,18.69,19.0,18.34,18.45,18.45,11898500.0
2009-03-17,18.62,19.15,18.16,19.13,19.13,9276200.0
2009-03-18,19.41,22.09,19.34,21.35,21.35,20855100.0
2009-03-19,21.84,22.58,20.89,21.24,21.24,13667100.0
2009-03-20,21.01,21.79,20.39,20.46,20.46,10267300.0
2009-03-23,21.2,22.69,21.01,22.69,22.69,13186800.0
2009-03-24,22.59,22.59,21.72,21.86,21.86,9501800.0
2009-03-25,22.0,22.44,21.5,22.1,22.1,10774000.0
2009-03-26,22.18,23.0,22.18,22.94,22.94,9777700.0
2009-03-27,22.56,22.7,21.81,21.84,21.84,6422600.0
2009-03-30,21.33,21.48,20.39,20.82,20.82,9617500.0
2009-03-31,20.93,21.87,20.83,21.39,21.39,8531000.0
2009-04-01,20.93,22.18,20.79,21.96,21.96,7287000.0
2009-04-02,22.79,23.84,22.61,23.28,23.28,11062100.0
2009-04-03,23.25,24.26,23.25,24.16,24.16,8229300.0
2009-04-06,23.85,24.0,22.78,23.19,23.19,8072400.0
2009-04-07,23.61,23.66,22.76,22.96,22.96,9809500.0
2009-04-08,23.81,24.17,23.47,23.92,23.92,5991300.0
2009-04-09,24.48,24.97,24.28,24.87,24.87,8500700.0
2009-04-13,24.6,24.89,24.22,24.72,24.72,5581800.0
2009-04-14,24.38,24.49,23.84,24.01,24.01,6545000.0
2009-04-15,23.77,23.92,23.12,23.64,23.64,6980500.0
2009-04-16,24.14,24.59,23.44,24.38,24.38,9291000.0
2009-04-17,24.6,24.87,24.05,24.7,24.7,7899500.0
2009-04-20,24.43,24.43,23.33,23.46,23.46,6963600.0
2009-04-21,23.35,24.13,23.25,23.75,23.75,7443000.0
2009-04-22,23.21,24.74,23.21,24.16,24.16,7045200.0
2009-04-23,23.86,24.49,23.54,24.48,24.48,8006200.0
2009-04-24,24.51,26.49,24.45,26.42,26.42,13798600.0
2009-04-27,25.92,26.65,25.7,26.14,26.14,9240400.0
2009-04-28,25.7,25.95,25.25,25.7,25.7,8099900.0
2009-04-29,25.99,26.84,25.59,26.75,26.75,9035900.0
2009-04-30,27.1,27.71,26.73,27.35,27.35,9140100.0
2009-05-01,27.08,28.0,27.02,27.46,27.46,9135200.0
2009-05-04,26.59,26.75,25.88,26.69,26.69,14574300.0
2009-05-05,26.74,26.91,26.2,26.89,26.89,8157400.0
2009-05-06,26.89,27.04,25.66,26.35,26.35,9995800.0
2009-05-07,26.58,26.64,25.38,25.63,25.63,7950000.0
2009-05-08,26.06,26.53,25.21,25.42,25.42,7674000.0
2009-05-11,24.85,26.36,24.78,26.15,26.15,7683800.0
2009-05-12,26.32,26.34,25.67,25.99,25.99,5077900.0
2009-05-13,25.99,26.03,25.12,25.17,25.17,7911300.0
2009-05-14,25.2,26.15,25.2,25.93,25.93,6721000.0
2009-05-15,25.97,26.35,25.52,25.92,25.92,4806500.0
2009-05-18,25.94,26.52,25.7,26.48,26.48,4461700.0
2009-05-19,26.25,26.81,26.01,26.56,26.56,3509500.0
2009-05-20,26.69,27.32,26.31,26.39,26.39,5324300.0
2009-05-21,25.9,26.15,25.7,26.07,26.07,6320700.0
2009-05-22,26.0,27.04,26.0,26.48,26.48,4959400.0
2009-05-26,26.31,27.95,26.1,27.89,27.89,6088000.0
2009-05-27,27.67,28.07,27.15,27.25,27.25,5013700.0
2009-05-28,27.25,27.64,26.57,27.54,27.54,7651000.0
2009-05-29,27.49,28.19,27.02,28.18,28.18,6950300.0
2009-06-01,28.3,29.5,28.3,29.36,29.36,6602700.0
2009-06-02,29.17,29.75,29.08,29.59,29.59,7365400.0
2009-06-03,29.05,29.49,28.3,29.06,29.06,8572700.0
2009-06-04,28.71,29.55,28.68,29.44,29.44,7161700.0
2009-06-05,29.45,30.34,28.79,29.98,29.98,8839100.0
2009-06-08,29.78,29.9,28.85,29.17,29.17,6755500.0
2009-06-09,29.4,29.97,29.15,29.77,29.77,5288500.0
2009-06-10,29.88,30.43,29.63,30.17,30.17,8515300.0
2009-06-11,30.36,31.0,30.1,30.4,30.4,7257600.0
2009-06-12,30.6,30.67,29.61,30.15,30.15,5478600.0
2009-06-15,29.99,29.99,28.54,28.82,28.82,11226100.0
2009-06-16,29.07,29.13,28.13,28.17,28.17,9992300.0
2009-06-17,28.27,29.0,28.0,28.68,28.68,12654200.0
2009-06-18,28.95,28.95,28.2,28.72,28.72,7368000.0
2009-06-19,28.99,29.44,28.94,29.33,29.33,9214800.0
2009-06-22,28.56,28.78,27.31,27.31,27.31,12028200.0
2009-06-23,27.55,27.85,27.2,27.71,27.71,8013800.0
2009-06-24,27.59,28.38,27.5,27.74,27.74,7141400.0
2009-06-25,27.87,28.64,27.41,28.52,28.52,6417100.0
2009-06-26,27.5,28.31,27.48,28.0,28.0,6420200.0
2009-06-29,28.13,28.76,28.05,28.62,28.62,4468300.0
2009-06-30,28.76,28.79,27.94,28.3,28.3,6104800.0
2009-07-01,28.38,29.19,28.38,28.66,28.66,5557300.0
2009-07-02,28.11,28.47,27.58,27.64,27.64,4254100.0
2009-07-06,27.1,27.42,26.81,27.16,27.16,7269400.0
2009-07-07,27.02,27.21,26.3,26.34,26.34,6454800.0
2009-07-08,26.63,26.63,26.08,26.47,26.47,10199100.0
2009-07-09,26.72,27.58,26.53,27.42,27.42,8078000.0
2009-07-10,27.14,27.73,27.07,27.58,27.58,6069800.0
2009-07-13,27.56,28.45,26.9,28.37,28.37,8030700.0
2009-07-14,28.09,28.45,27.93,28.3,28.3,8136800.0
2009-07-15,29.18,29.91,29.0,29.85,29.85,11216500.0
2009-07-16,29.67,30.94,29.54,30.87,30.87,9327800.0
2009-07-17,30.9,31.06,30.39,31.02,31.02,6301300.0
2009-07-20,30.74,31.35,30.62,31.21,31.21,6790700.0
2009-07-21,31.03,31.35,30.84,31.26,31.26,6274000.0
2009-07-22,31.04,31.48,31.0,31.34,31.34,5624400.0
2009-07-23,31.21,32.33,31.13,32.31,32.31,7242300.0
2009-07-24,31.83,32.69,31.67,32.63,32.63,5921400.0
2009-07-27,32.56,32.9,32.21,32.61,32.61,5254100.0
2009-07-28,32.45,32.91,32.04,32.33,32.33,7579900.0
2009-07-29,32.18,32.29,31.7,32.06,32.06,4935900.0
2009-07-30,32.54,33.34,32.17,32.28,32.28,5653500.0
2009-07-31,32.38,32.86,32.28,32.42,32.42,4226300.0
2009-08-03,32.61,33.0,32.42,32.68,32.68,4720700.0
2009-08-04,32.6,33.26,32.56,33.0,33.0,4677500.0
2009-08-05,33.12,33.12,31.48,32.01,32.01,10117400.0
2009-08-06,32.01,32.54,31.87,32.42,32.42,6419900.0
2009-08-07,33.01,33.46,32.79,33.22,33.22,5213800.0
2009-08-10,32.8,33.49,32.65,32.82,32.82,4476300.0
2009-08-11,32.56,32.6,31.79,31.92,31.92,6549100.0
2009-08-12,31.87,33.32,31.84,33.04,33.04,6236700.0
2009-08-13,33.32,33.47,32.76,33.43,33.43,6055200.0
2009-08-14,33.21,33.29,31.86,32.27,32.27,8012600.0
2009-08-17,31.72,31.9,31.12,31.21,31.21,5500600.0
2009-08-18,31.28,31.92,31.1,31.72,31.72,4925700.0
2009-08-19,31.45,31.88,31.17,31.72,31.72,5001200.0
2009-08-20,31.83,32.19,31.48,32.1,32.1,4676000.0
2009-08-21,32.44,32.93,32.0,32.84,32.84,5108600.0
2009-08-24,32.85,33.23,32.52,32.73,32.73,4737200.0
2009-08-25,32.67,32.97,32.33,32.67,32.67,3857300.0
2009-08-26,32.52,32.76,32.15,32.51,32.51,4054800.0
2009-08-27,32.35,32.56,31.72,32.46,32.46,5171400.0
2009-08-28,32.72,32.98,31.31,31.73,31.73,7114900.0
2009-08-31,31.58,31.81,31.1,31.42,31.42,7132200.0
2009-09-01,31.27,32.08,30.89,31.1,31.1,7670000.0
2009-09-02,31.14,31.27,30.73,31.0,31.0,5233100.0
2009-09-03,31.0,31.52,30.7,31.49,31.49,4344100.0
2009-09-04,31.63,32.1,31.43,32.05,32.05,4110800.0
2009-09-08,32.48,32.56,32.14,32.51,32.51,5160700.0
2009-09-09,32.25,32.92,32.12,32.8,32.8,5852200.0
2009-09-10,32.74,34.13,32.51,34.02,34.02,10199900.0
2009-09-11,34.11,34.98,34.05,34.65,34.65,7586300.0
2009-09-14,34.44,35.29,34.28,35.19,35.19,8245900.0
2009-09-15,35.29,35.78,34.8,35.62,35.62,10762500.0
2009-09-16,33.58,33.85,33.01,33.35,33.35,28912300.0
2009-09-17,33.55,33.59,32.72,32.84,32.84,13828300.0
2009-09-18,33.05,33.43,32.7,32.95,32.95,10512500.0
2009-09-21,32.75,33.65,32.75,32.85,32.85,5879700.0
2009-09-22,33.07,33.31,32.98,33.11,33.11,4369400.0
2009-09-23,33.03,33.33,32.68,32.71,32.71,6943000.0
2009-09-24,32.7,32.86,32.07,32.32,32.32,5947700.0
2009-09-25,32.11,32.41,31.89,32.03,32.03,4516700.0
2009-09-28,32.2,33.26,32.12,32.93,32.93,5849300.0
2009-09-29,32.88,33.22,32.53,32.68,32.68,5013100.0
2009-09-30,32.76,33.22,32.12,33.04,33.04,6632800.0
2009-10-01,32.66,32.78,31.96,32.18,32.18,7257000.0
2009-10-02,31.59,32.54,31.59,32.35,32.35,5922800.0
2009-10-05,32.37,32.72,32.12,32.55,32.55,4892100.0
2009-10-06,32.79,33.75,32.63,33.51,33.51,7117600.0
2009-10-07,33.74,33.74,33.06,33.26,33.26,4172400.0
2009-10-08,33.74,34.6,33.7,34.33,34.33,8629600.0
2009-10-09,34.08,34.77,33.98,34.64,34.64,3708700.0
2009-10-12,34.67,34.88,34.15,34.36,34.36,3597700.0
2009-10-13,34.25,34.71,34.16,34.62,34.62,4565100.0
2009-10-14,34.87,35.52,34.81,35.43,35.43,6908100.0
2009-10-15,35.08,35.85,35.07,35.75,35.75,8063600.0
2009-10-16,35.48,35.95,35.35,35.67,35.67,6908700.0
2009-10-19,35.76,35.93,35.49,35.65,35.65,4116500.0
2009-10-20,35.52,35.6,34.99,35.41,35.41,4357800.0
2009-10-21,35.35,35.69,34.74,34.81,34.81,5022700.0
2009-10-22,34.53,35.28,34.01,35.17,35.17,4913400.0
2009-10-23,35.14,35.57,34.56,34.78,34.78,3678100.0
2009-10-26,34.64,35.39,34.3,34.45,34.45,4379200.0
2009-10-27,34.54,34.91,33.79,33.95,33.95,4267200.0
2009-10-28,33.72,33.79,32.7,32.83,32.83,6169100.0
2009-10-29,33.11,33.68,32.7,33.54,33.54,6725500.0
2009-10-30,33.4,33.87,32.86,32.94,32.94,5810300.0
2009-11-02,32.8,33.1,32.37,32.87,32.87,4809000.0
2009-11-03,32.72,33.08,32.37,33.01,33.01,6512200.0
2009-11-04,33.3,34.52,32.95,33.86,33.86,7883400.0
2009-11-05,33.98,34.92,33.98,34.7,34.7,4164100.0
2009-11-06,34.59,35.19,34.38,34.65,34.65,3693900.0
2009-11-09,35.88,36.58,35.41,36.45,36.45,8883200.0
2009-11-10,36.56,36.75,36.35,36.6,36.6,5079500.0
2009-11-11,35.96,36.03,34.46,35.92,35.92,13794600.0
2009-11-12,35.82,36.11,35.41,35.61,35.61,5872900.0
2009-11-13,35.69,36.6,35.69,36.51,36.51,4988600.0
2009-11-16,36.51,37.15,36.11,36.81,36.81,5263200.0
2009-11-17,36.56,36.95,36.44,36.9,36.9,3283300.0
2009-11-18,36.59,36.78,36.0,36.59,36.59,3998400.0
2009-11-19,36.25,36.48,35.5,36.11,36.11,3754500.0
2009-11-20,35.72,36.07,35.49,35.81,35.81,3344500.0
2009-11-23,36.05,36.68,35.98,36.44,36.44,3085500.0
2009-11-24,36.15,36.44,35.84,35.95,35.95,3790700.0
2009-11-25,36.07,36.33,35.9,36.17,36.17,2504400.0
2009-11-27,35.01,35.66,34.63,35.38,35.38,2049600.0
2009-11-30,35.25,35.44,34.54,35.08,35.08,5075000.0
2009-12-01,35.46,36.53,35.27,36.4,36.4,5428900.0
2009-12-02,36.53,36.91,36.36,36.5,36.5,3645700.0
2009-12-03,36.42,36.84,36.0,36.0,36.0,3681300.0
2009-12-04,36.38,36.94,35.98,36.5,36.5,4433200.0
2009-12-07,36.46,36.84,36.2,36.37,36.37,3119500.0
2009-12-08,36.03,36.27,35.58,36.08,36.08,3863200.0
2009-12-09,35.85,36.0,35.26,35.85,35.85,4421500.0
2009-12-10,35.81,36.15,35.63,35.8,35.8,3884500.0
2009-12-11,35.9,35.98,35.15,35.38,35.38,4381500.0
2009-12-14,35.78,35.84,35.31,35.78,35.78,5446500.0
2009-12-15,35.58,36.66,35.5,36.36,36.36,8022900.0
2009-12-16,36.87,38.2,36.87,37.86,37.86,15618700.0
2009-12-17,37.46,37.52,36.99,37.01,37.01,6562800.0
2009-12-18,37.25,37.47,37.02,37.34,37.34,9331800.0
2009-12-21,37.38,37.68,37.04,37.28,37.28,5031900.0
2009-12-22,37.35,37.5,37.2,37.34,37.34,3192200.0
2009-12-23,37.37,37.37,36.86,36.93,36.93,5559600.0
2009-12-24,36.95,37.17,36.81,37.17,37.17,1350000.0
2009-12-28,37.18,37.42,36.97,37.19,37.19,2573500.0
2009-12-29,37.14,37.34,36.97,37.21,37.21,3093200.0
2009-12-30,37.03,37.5,37.03,37.18,37.18,2124100.0
2009-12-31,37.17,37.21,36.7,36.78,36.78,2900400.0
2010-01-04,36.65,37.3,36.65,37.09,37.09,4710200.0
2010-01-05,37.04,37.8,36.87,37.7,37.7,7108800.0
2010-01-06,37.33,37.74,37.2,37.62,37.62,5336400.0
2010-01-07,37.41,37.59,36.81,36.89,36.89,5576700.0
2010-01-08,36.75,36.97,36.34,36.69,36.69,5429200.0
2010-01-11,36.68,36.77,35.95,36.21,36.21,4901400.0
2010-01-12,36.14,36.14,35.38,35.66,35.66,5073900.0
2010-01-13,35.83,36.36,35.6,36.28,36.28,3660100.0
2010-01-14,36.13,36.51,35.79,35.9,35.9,4536200.0
2010-01-15,35.92,36.21,35.47,35.87,35.87,6732300.0
2010-01-19,35.87,37.02,35.81,36.95,36.95,5964100.0
2010-01-20,36.37,36.51,35.62,36.49,36.49,6258500.0
2010-01-21,36.49,36.65,35.46,35.82,35.82,7404400.0
2010-01-22,35.62,35.82,34.35,34.38,34.38,7721300.0
2010-01-25,34.63,34.98,33.97,34.16,34.16,6961500.0
2010-01-26,33.81,34.29,33.62,33.94,33.94,5356300.0
2010-01-27,33.68,33.68,32.65,33.14,33.14,9896900.0
2010-01-28,33.29,33.66,32.48,32.89,32.89,6417800.0
2010-01-29,32.95,33.24,32.17,32.3,32.3,8377800.0
2010-02-01,32.39,32.54,32.06,32.48,32.48,8705500.0
2010-02-02,32.54,33.13,32.31,32.98,32.98,5735700.0
2010-02-03,32.85,33.43,32.54,32.98,32.98,6732000.0
2010-02-04,32.88,32.96,32.2,32.24,32.24,9450300.0
2010-02-05,32.43,32.8,31.85,32.77,32.77,11881500.0
2010-02-08,32.77,32.79,32.02,32.05,32.05,8615600.0
2010-02-09,32.6,32.66,31.91,32.31,32.31,8047700.0
2010-02-10,33.45,33.55,32.57,32.76,32.76,9592000.0
2010-02-11,32.6,33.16,32.28,32.64,32.64,10125400.0
2010-02-12,32.25,32.28,31.28,31.45,31.45,21221400.0
2010-02-16,31.5,31.87,31.28,31.81,31.81,9113700.0
2010-02-17,32.16,32.43,31.96,32.33,32.33,9213000.0
2010-02-18,32.47,33.33,32.47,33.24,33.24,9614400.0
2010-02-19,33.8,34.16,33.56,33.88,33.88,12324000.0
2010-02-22,34.21,34.21,33.51,33.7,33.7,6119800.0
2010-02-23,33.68,33.82,33.2,33.44,33.44,7906000.0
2010-02-24,33.63,34.63,33.56,34.55,34.55,9545200.0
2010-02-25,33.8,34.59,33.54,34.56,34.56,7735500.0
2010-02-26,34.55,34.7,34.06,34.65,34.65,4792600.0
2010-03-01,34.63,35.0,34.53,34.89,34.89,4965000.0
2010-03-02,34.68,35.1,34.64,34.74,34.74,5603400.0
2010-03-03,34.87,35.15,34.61,34.82,34.82,4098900.0
2010-03-04,34.88,35.09,34.58,34.94,34.94,4440700.0
2010-03-05,35.08,35.44,34.93,35.16,35.16,8381900.0
2010-03-08,35.12,35.4,35.02,35.06,35.06,3850100.0
2010-03-09,35.06,35.62,35.04,35.12,35.12,5486200.0
2010-03-10,35.27,35.35,35.04,35.15,35.15,5969600.0
2010-03-11,35.07,35.27,35.0,35.22,35.22,4371500.0
2010-03-12,35.22,35.27,35.11,35.16,35.16,6262400.0
2010-03-15,35.15,35.56,35.0,35.49,35.49,3933100.0
2010-03-16,35.46,35.68,34.93,35.02,35.02,5818800.0
2010-03-17,35.61,36.08,35.45,35.49,35.49,8350000.0
2010-03-18,35.72,35.95,35.56,35.75,35.75,4227000.0
2010-03-19,35.86,35.95,34.5,34.67,34.67,16351100.0
2010-03-22,34.61,35.06,34.6,34.95,34.95,4895900.0
2010-03-23,35.26,35.42,34.69,35.22,35.22,8504500.0
2010-03-24,37.12,37.3,36.48,36.51,36.51,16778000.0
2010-03-25,36.66,36.79,35.86,35.87,35.87,6566400.0
2010-03-26,35.85,36.11,35.25,35.51,35.51,6049100.0
2010-03-29,35.6,36.01,35.6,35.74,35.74,5055700.0
2010-03-30,35.78,35.9,35.29,35.68,35.68,3469800.0
2010-03-31,35.62,35.7,35.27,35.37,35.37,4436700.0
2010-04-01,35.54,35.88,35.24,35.74,35.74,5467700.0
2010-04-05,35.68,36.07,35.66,35.99,35.99,5267100.0
2010-04-06,35.56,35.93,35.55,35.7,35.7,4211400.0
2010-04-07,35.56,35.64,34.95,35.06,35.06,6632100.0
2010-04-08,35.03,35.08,34.63,34.94,34.94,5726800.0
2010-04-09,34.57,35.47,34.44,35.47,35.47,7205500.0
2010-04-12,35.42,35.54,34.91,35.02,35.02,5690600.0
2010-04-13,34.86,35.09,34.51,34.75,34.75,5825700.0
2010-04-14,34.63,35.04,34.57,35.02,35.02,5037400.0
2010-04-15,35.09,35.1,34.17,34.39,34.39,9548000.0
2010-04-16,34.54,34.58,33.53,34.0,34.0,12718300.0
2010-04-19,33.81,34.2,33.32,33.82,33.82,6817200.0
2010-04-20,34.19,35.14,34.1,34.93,34.93,8632000.0
2010-04-21,34.8,35.09,34.79,34.92,34.92,6889200.0
2010-04-22,35.41,36.02,35.0,35.97,35.97,11650000.0
2010-04-23,35.84,36.29,35.72,36.25,36.25,6528500.0
2010-04-26,36.21,36.35,35.99,36.15,36.15,5610500.0
2010-04-27,35.91,36.0,35.19,35.34,35.34,6938700.0
2010-04-28,35.48,35.61,35.05,35.47,35.47,5290000.0
2010-04-29,35.27,35.56,34.54,34.96,34.96,10958300.0
2010-04-30,34.97,34.99,33.56,33.6,33.6,12735800.0
2010-05-03,33.68,33.96,33.4,33.59,33.59,8863200.0
2010-05-04,33.12,33.17,32.22,33.14,33.14,11030000.0
2010-05-05,32.68,33.58,32.54,32.96,32.96,12226200.0
2010-05-06,32.8,33.74,30.24,32.49,32.49,14650200.0
2010-05-07,32.76,32.96,31.68,32.42,32.42,14897300.0
2010-05-10,32.75,34.29,32.75,34.28,34.28,11416600.0
2010-05-11,33.95,34.38,33.7,33.8,33.8,6929000.0
2010-05-12,34.12,34.93,34.06,34.8,34.8,7973900.0
2010-05-13,34.79,35.4,34.36,34.41,34.41,4958000.0
2010-05-14,34.24,34.4,33.26,33.72,33.72,6832100.0
2010-05-17,33.98,34.22,33.18,33.81,33.81,6235300.0
2010-05-18,33.72,34.31,33.04,33.28,33.28,6208900.0
2010-05-19,33.22,33.66,32.53,32.88,32.88,6098200.0
2010-05-20,32.2,32.55,31.62,31.74,31.74,8094200.0
2010-05-21,31.15,32.33,30.97,32.18,32.18,7758200.0
2010-05-24,31.82,32.17,31.61,31.63,31.63,6543800.0
2010-05-25,30.75,31.56,30.48,31.55,31.55,6368800.0
2010-05-26,31.65,31.72,30.8,30.94,30.94,8820600.0
2010-05-27,31.51,32.21,31.39,32.2,32.2,7496400.0
2010-05-28,32.19,32.42,31.69,32.08,32.08,8778900.0
2010-06-01,32.36,33.04,32.1,32.13,32.13,9744400.0
2010-06-02,32.27,32.97,31.79,32.94,32.94,7213700.0
2010-06-03,32.92,33.16,32.65,32.9,32.9,8847400.0
2010-06-04,32.15,32.47,31.49,31.59,31.59,8507500.0
2010-06-07,31.7,31.74,30.94,31.06,31.06,8385500.0
2010-06-08,31.15,31.26,30.6,31.0,31.0,7767400.0
2010-06-09,31.14,31.52,30.63,30.73,30.73,5808400.0
2010-06-10,31.34,31.76,30.83,31.72,31.72,5666800.0
2010-06-11,31.21,31.84,31.16,31.73,31.73,7233200.0
2010-06-14,32.0,32.38,31.64,31.7,31.7,5240100.0
2010-06-15,31.89,32.62,31.78,32.51,32.51,5930200.0
2010-06-16,32.38,32.59,32.22,32.44,32.44,4614500.0
2010-06-17,32.62,33.22,32.6,33.12,33.12,7250700.0
2010-06-18,33.12,34.0,33.04,33.52,33.52,9514000.0
2010-06-21,33.77,33.96,32.93,33.13,33.13,5762500.0
2010-06-22,33.34,33.77,32.68,32.76,32.76,9593600.0
2010-06-23,32.35,32.42,30.18,30.38,30.38,35847400.0
2010-06-24,30.36,30.81,30.1,30.26,30.26,20287000.0
2010-06-25,30.43,30.57,29.69,29.85,29.85,15030600.0
2010-06-28,29.85,30.09,28.71,28.72,28.72,14508100.0
2010-06-29,28.37,28.37,26.76,26.9,26.9,22062500.0
2010-06-30,26.82,27.2,26.32,26.43,26.43,17468400.0
2010-07-01,26.52,26.88,26.01,26.66,26.66,15728500.0
2010-07-02,26.69,26.99,26.33,26.73,26.73,10420400.0
2010-07-06,27.18,27.37,26.04,26.34,26.34,13509200.0
2010-07-07,26.34,26.85,26.2,26.79,26.79,11753300.0
2010-07-08,26.96,27.05,26.42,26.85,26.85,8852000.0
2010-07-09,26.86,27.24,26.71,27.2,27.2,5317000.0
2010-07-12,27.27,27.61,26.94,27.09,27.09,7012700.0
2010-07-13,27.35,28.43,27.24,28.11,28.11,13577900.0
2010-07-14,28.17,28.42,27.67,28.03,28.03,9457100.0
2010-07-15,27.94,28.3,27.72,28.22,28.22,4838200.0
2010-07-16,28.27,28.29,27.21,27.39,27.39,7254200.0
2010-07-19,27.5,27.8,27.29,27.67,27.67,5151900.0
2010-07-20,27.18,27.87,26.94,27.87,27.87,5690600.0
2010-07-21,27.94,28.28,27.52,27.67,27.67,8314700.0
2010-07-22,27.91,28.74,27.8,28.58,28.58,6138500.0
2010-07-23,28.6,29.35,28.54,29.23,29.23,7703200.0
2010-07-26,29.15,29.28,28.81,29.17,29.17,5061800.0
2010-07-27,29.2,29.39,28.83,29.22,29.22,5175400.0
2010-07-28,29.11,29.37,28.59,28.69,28.69,4451700.0
2010-07-29,28.75,29.1,28.38,28.7,28.7,5320300.0
2010-07-30,28.4,28.84,28.11,28.72,28.72,4531500.0
2010-08-02,29.11,29.76,28.9,29.6,29.6,5584700.0
2010-08-03,29.48,29.49,28.93,29.12,29.12,5651900.0
2010-08-04,29.14,29.75,29.06,29.7,29.7,6700600.0
2010-08-05,29.41,29.64,29.24,29.44,29.44,4612600.0
2010-08-06,29.06,29.42,28.73,29.23,29.23,5149200.0
2010-08-09,29.4,29.54,29.12,29.52,29.52,3483400.0
2010-08-10,29.23,29.41,28.76,29.17,29.17,4063200.0
2010-08-11,28.83,28.85,28.23,28.25,28.25,7505800.0
2010-08-12,27.8,28.33,27.76,28.08,28.08,7694000.0
2010-08-13,27.92,28.34,27.86,28.01,28.01,6625500.0
2010-08-16,27.82,27.84,27.21,27.36,27.36,6334500.0
2010-08-17,27.5,28.07,27.42,27.96,27.96,6817500.0
2010-08-18,27.79,28.27,27.49,28.1,28.1,4006400.0
2010-08-19,27.87,28.14,27.27,27.69,27.69,5126700.0
2010-08-20,27.74,28.04,27.41,27.92,27.92,5253800.0
2010-08-23,28.09,28.38,27.63,27.82,27.82,4413600.0
2010-08-24,27.56,28.06,27.29,27.93,27.93,7822400.0
2010-08-25,27.59,27.8,27.42,27.48,27.48,12706000.0
2010-08-26,27.65,27.78,27.12,27.38,27.38,12818200.0
2010-08-27,27.48,28.06,27.02,27.98,27.98,7342400.0
2010-08-30,27.79,28.1,27.63,27.79,27.79,4870300.0
2010-08-31,27.73,27.97,27.5,27.7,27.7,8491100.0
2010-09-01,28.14,28.9,27.89,28.85,28.85,6116300.0
2010-09-02,29.0,29.42,28.86,29.42,29.42,6125600.0
2010-09-03,29.66,29.91,29.25,29.49,29.49,6035600.0
2010-09-07,29.48,29.57,29.1,29.17,29.17,4154100.0
2010-09-08,29.32,29.62,29.23,29.31,29.31,5205600.0
2010-09-09,31.9,33.23,31.3,32.86,32.86,38740500.0
2010-09-10,32.56,32.64,31.86,32.2,32.2,15942400.0
2010-09-13,32.29,32.55,31.96,32.24,32.24,6416700.0
2010-09-14,32.08,32.87,32.08,32.47,32.47,6011200.0
2010-09-15,32.26,32.77,32.14,32.76,32.76,4407300.0
2010-09-16,32.76,33.13,32.62,32.85,32.85,6240400.0
2010-09-17,33.13,33.38,32.67,32.78,32.78,11075400.0
2010-09-20,33.34,33.5,32.88,33.11,33.11,8431600.0
2010-09-21,33.66,33.68,32.84,32.94,32.94,24824300.0
2010-09-22,25.89,26.85,25.81,26.67,26.67,108752400.0
2010-09-23,26.58,26.84,26.29,26.41,26.41,31770800.0
2010-09-24,26.68,26.92,26.42,26.88,26.88,23950500.0
2010-09-27,26.88,27.08,26.63,26.88,26.88,11294500.0
2010-09-28,26.91,26.92,26.13,26.28,26.28,25302600.0
2010-09-29,26.27,26.34,26.0,26.04,26.04,14196200.0
2010-09-30,26.25,26.32,25.7,26.15,26.15,17408200.0
2010-10-01,26.31,26.49,26.15,26.27,26.27,8923400.0
2010-10-04,26.14,26.4,25.56,25.6,25.6,12822500.0
2010-10-05,25.79,26.0,25.66,25.77,25.77,14809600.0
2010-10-06,26.0,26.1,25.5,25.73,25.73,12636900.0
2010-10-07,25.8,30.0,25.45,28.69,28.69,66892700.0
2010-10-08,27.52,27.65,26.86,26.99,26.99,44108800.0
2010-10-11,27.05,27.49,26.99,27.25,27.25,10459000.0
2010-10-12,27.23,27.78,27.02,27.66,27.66,10274400.0
2010-10-13,27.78,28.0,27.53,27.71,27.71,9441600.0
2010-10-14,27.85,28.0,27.2,27.49,27.49,7435600.0
2010-10-15,27.62,28.35,27.3,28.08,28.08,20402000.0
2010-10-18,27.8,28.19,27.48,28.06,28.06,8068200.0
2010-10-19,27.68,27.94,27.32,27.58,27.58,9833100.0
2010-10-20,27.71,28.4,27.46,28.21,28.21,9200400.0
2010-10-21,28.32,28.35,27.26,27.7,27.7,9217600.0
2010-10-22,27.75,28.25,27.58,28.21,28.21,6902100.0
2010-10-25,28.2,28.4,27.85,28.2,28.2,13727400.0
2010-10-26,28.04,28.77,27.95,28.14,28.14,12548300.0
2010-10-27,27.95,28.23,27.8,28.17,28.17,10814600.0
2010-10-28,28.27,28.3,27.95,28.1,28.1,9750800.0
2010-10-29,28.16,28.36,28.03,28.15,28.15,6211500.0
2010-11-01,28.29,28.48,28.0,28.22,28.22,5394700.0
2010-11-02,28.38,29.15,28.2,29.02,29.02,9643100.0
2010-11-03,29.02,29.09,28.52,28.8,28.8,6423800.0
2010-11-04,29.11,29.49,29.07,29.46,29.46,6191500.0
2010-11-05,29.43,29.71,29.07,29.14,29.14,7584300.0
2010-11-08,29.0,29.35,28.88,29.29,29.29,5143300.0
2010-11-09,29.4,29.85,29.34,29.49,29.49,6304600.0
2010-11-10,29.54,29.9,29.35,29.79,29.79,6356400.0
2010-11-11,29.37,29.95,29.18,29.94,29.94,6408600.0
2010-11-12,29.69,29.85,29.15,29.54,29.54,8462900.0
2010-11-15,29.57,29.82,29.4,29.51,29.51,5192200.0
2010-11-16,29.23,29.49,28.89,29.02,29.02,7979500.0
2010-11-17,28.97,29.28,28.66,28.9,28.9,6688200.0
2010-11-18,29.26,29.47,28.68,28.68,28.68,6761500.0
2010-11-19,28.66,29.2,28.62,28.86,28.86,6047700.0
2010-11-22,28.72,29.23,28.55,29.18,29.18,4450100.0
2010-11-23,28.8,28.8,27.49,28.19,28.19,14184600.0
2010-11-24,28.32,28.77,28.25,28.4,28.4,7025500.0
2010-11-26,28.12,28.79,27.98,28.72,28.72,2658300.0
2010-11-29,28.4,28.67,27.98,28.36,28.36,4553500.0
2010-11-30,27.97,28.13,27.66,27.8,27.8,5831600.0
2010-12-01,28.15,28.58,28.13,28.37,28.37,6306700.0
2010-12-02,28.48,29.13,28.36,29.1,29.1,5769700.0
2010-12-03,28.91,29.28,28.91,29.14,29.14,4868200.0
2010-12-06,29.02,29.42,28.86,29.23,29.23,6059700.0
2010-12-07,29.5,29.55,28.89,29.02,29.02,7598300.0
2010-12-08,29.03,29.28,29.0,29.21,29.21,4880400.0
2010-12-09,29.43,29.49,28.48,28.6,28.6,10393700.0
2010-12-10,28.63,28.81,28.38,28.71,28.71,5346100.0
2010-12-13,28.58,28.69,27.8,27.81,27.81,8839200.0
2010-12-14,27.86,28.18,27.67,28.15,28.15,6546500.0
2010-12-15,28.06,28.43,27.68,27.72,27.72,6462500.0
2010-12-16,27.81,28.52,27.51,28.52,28.52,7665700.0
2010-12-17,28.57,28.96,28.38,28.79,28.79,11646400.0
2010-12-20,29.01,29.42,28.98,29.18,29.18,11973600.0
2010-12-21,30.98,31.15,30.28,30.93,30.93,23465600.0
2010-12-22,30.85,30.89,30.3,30.65,30.65,6343500.0
2010-12-23,30.54,30.88,30.54,30.85,30.85,3027200.0
2010-12-27,30.7,31.04,30.62,30.95,30.95,2920300.0
2010-12-28,31.12,31.17,30.69,30.92,30.92,3748400.0
2010-12-29,30.93,31.12,30.84,30.97,30.97,2662600.0
2010-12-30,30.92,31.1,30.57,30.57,30.57,3435500.0
2010-12-31,30.52,30.8,30.42,30.78,30.78,2841300.0
2011-01-03,30.83,31.48,30.79,31.29,31.29,6245500.0
2011-01-04,31.28,31.65,31.18,31.51,31.51,8038100.0
2011-01-05,31.48,32.24,31.42,32.22,32.22,7143500.0
2011-01-06,32.13,32.29,31.88,32.27,32.27,6230900.0
2011-01-07,32.18,32.22,31.5,32.04,32.04,6828500.0
2011-01-10,32.3,33.1,31.95,32.96,32.96,10377900.0
2011-01-11,33.13,33.26,32.66,32.98,32.98,7110600.0
2011-01-12,33.14,33.74,33.06,33.57,33.57,7319100.0
2011-01-13,33.58,33.72,33.07,33.38,33.38,7594800.0
2011-01-14,33.41,33.92,33.32,33.79,33.79,5767300.0
2011-01-18,33.55,34.3,33.54,34.18,34.18,5722100.0
2011-01-19,34.12,34.25,33.64,33.91,33.91,5899200.0
2011-01-20,33.66,33.75,32.68,33.49,33.49,8531800.0
2011-01-21,33.79,33.92,33.19,33.27,33.27,5714800.0
2011-01-24,33.36,34.13,33.28,34.03,34.03,7387900.0
2011-01-25,32.98,33.71,32.98,33.56,33.56,8191400.0
2011-01-26,33.36,33.89,33.34,33.52,33.52,5913500.0
2011-01-27,33.48,34.0,33.44,33.85,33.85,4679400.0
2011-01-28,33.93,33.99,32.34,32.49,32.49,6506700.0
2011-01-31,32.6,33.13,32.57,33.05,33.05,5390600.0
2011-02-01,33.25,33.86,33.22,33.51,33.51,4738000.0
2011-02-02,33.29,33.99,33.29,33.43,33.43,3046100.0
2011-02-03,33.27,33.6,32.98,33.53,33.53,3043800.0
2011-02-04,33.57,33.72,33.17,33.36,33.36,6534800.0
2011-02-07,33.48,33.69,33.35,33.56,33.56,3679400.0
2011-02-08,33.63,33.65,33.2,33.57,33.57,2074900.0
2011-02-09,33.47,33.49,32.72,33.01,33.01,4327600.0
2011-02-10,32.86,33.57,32.76,33.57,33.57,4010800.0
2011-02-11,33.42,33.68,33.1,33.67,33.67,3113400.0
2011-02-14,33.7,34.0,33.61,33.86,33.86,2746300.0
2011-02-15,33.68,34.0,33.47,33.94,33.94,3145600.0
2011-02-16,34.0,35.18,33.9,34.69,34.69,7727900.0
2011-02-17,34.48,35.1,34.42,34.98,34.98,4395700.0
2011-02-18,35.1,35.84,35.0,35.39,35.39,6779700.0
2011-02-22,34.93,35.13,33.72,33.74,33.74,6549600.0
2011-02-23,33.7,33.74,32.93,33.38,33.38,4734100.0
2011-02-24,33.35,33.63,32.94,33.45,33.45,3965500.0
2011-02-25,34.15,34.94,34.14,34.63,34.63,5620300.0
2011-02-28,34.68,35.0,34.16,34.5,34.5,4936900.0
2011-03-01,34.73,34.79,33.67,33.97,33.97,5908400.0
2011-03-02,33.94,34.82,33.91,34.48,34.48,4562000.0
2011-03-03,34.82,35.35,34.8,35.05,35.05,3148200.0
2011-03-04,34.94,35.5,34.7,35.27,35.27,4005900.0
2011-03-07,35.45,35.6,34.25,34.72,34.72,5003600.0
2011-03-08,34.8,35.66,34.44,35.29,35.29,3783800.0
2011-03-09,35.17,35.63,35.02,35.13,35.13,3435800.0
2011-03-10,34.68,35.16,34.15,34.86,34.86,5265900.0
2011-03-11,34.7,34.87,33.96,34.61,34.61,5058900.0
2011-03-14,34.22,34.45,33.52,34.08,34.08,5577100.0
2011-03-15,32.45,33.24,32.16,33.04,33.04,6682500.0
2011-03-16,32.68,32.8,31.79,32.09,32.09,8168600.0
2011-03-17,32.57,32.57,31.53,31.84,31.84,9127200.0
2011-03-18,32.11,32.4,31.93,31.99,31.99,6921600.0
2011-03-21,32.31,32.85,32.11,32.34,32.34,5670300.0
2011-03-22,32.34,33.04,32.28,32.88,32.88,11264800.0
2011-03-23,32.61,32.72,30.76,31.68,31.68,17689600.0
2011-03-24,31.73,32.71,31.73,32.59,32.59,11754200.0
2011-03-25,32.81,32.92,32.49,32.64,32.64,8997300.0
2011-03-28,32.81,32.81,32.33,32.43,32.43,5639400.0
2011-03-29,32.45,32.88,32.27,32.62,32.62,8032300.0
2011-03-30,32.79,33.06,32.72,32.95,32.95,7082600.0
2011-03-31,32.88,33.3,32.8,33.16,33.16,7720000.0
2011-04-01,33.53,34.64,33.34,34.16,34.16,10489700.0
2011-04-04,34.26,34.58,34.23,34.37,34.37,5498500.0
2011-04-05,34.2,34.42,34.06,34.18,34.18,5494500.0
2011-04-06,34.44,34.55,33.81,34.24,34.24,5304300.0
2011-04-07,34.11,34.59,34.08,34.48,34.48,5318800.0
2011-04-08,34.62,34.68,33.95,34.15,34.15,4721400.0
2011-04-11,34.2,34.71,34.19,34.38,34.38,6796900.0
2011-04-12,34.21,34.29,33.87,34.09,34.09,4631700.0
2011-04-13,34.3,34.44,33.79,34.21,34.21,5072100.0
2011-04-14,33.9,34.52,33.83,34.33,34.33,4628700.0
2011-04-15,34.41,34.73,34.24,34.51,34.51,6120900.0
2011-04-18,34.07,34.14,33.29,33.85,33.85,5449000.0
2011-04-19,33.85,34.02,33.58,33.65,33.65,4723300.0
2011-04-20,33.48,34.0,33.3,33.69,33.69,9636500.0
2011-04-21,33.69,33.76,33.38,33.48,33.48,6779600.0
2011-04-25,33.58,33.72,33.14,33.23,33.23,5236400.0
2011-04-26,33.28,33.35,32.91,33.13,33.13,7700000.0
2011-04-27,33.14,33.69,33.07,33.65,33.65,5092200.0
2011-04-28,33.64,34.14,33.64,34.02,34.02,3300000.0
2011-04-29,34.05,34.12,33.47,33.55,33.55,5228700.0
2011-05-02,33.68,33.95,33.46,33.55,33.55,3500800.0
2011-05-03,33.46,33.7,33.1,33.49,33.49,3000000.0
2011-05-04,33.41,33.58,33.0,33.22,33.22,3903300.0
2011-05-05,33.12,33.39,32.75,32.94,32.94,3500000.0
2011-05-06,33.32,33.88,33.09,33.4,33.4,4903100.0
2011-05-09,33.34,34.25,33.24,33.97,33.97,5395100.0
2011-05-10,34.1,34.86,34.01,34.75,34.75,4194200.0
2011-05-11,35.0,35.99,34.92,35.4,35.4,8700000.0
2011-05-12,35.32,35.89,35.18,35.86,35.86,6100000.0
2011-05-13,35.75,35.85,35.21,35.33,35.33,4072300.0
2011-05-16,35.13,35.36,34.34,34.39,34.39,3879500.0
2011-05-17,34.39,34.97,34.21,34.72,34.72,5348600.0
2011-05-18,34.6,34.95,34.43,34.87,34.87,2209800.0
2011-05-19,34.98,35.51,34.87,35.41,35.41,4252800.0
2011-05-20,35.46,35.67,35.21,35.31,35.31,3246700.0
2011-05-23,34.72,34.81,34.17,34.43,34.43,3605300.0
2011-05-24,34.56,34.69,33.99,34.14,34.14,2807100.0
2011-05-25,34.1,34.37,33.94,34.13,34.13,2961300.0
2011-05-26,34.07,34.63,33.96,34.54,34.54,2789400.0
2011-05-27,34.46,34.56,34.08,34.29,34.29,4040100.0
2011-05-31,34.61,34.84,34.41,34.63,34.63,3938000.0
2011-06-01,34.53,34.82,34.11,34.12,34.12,3569400.0
2011-06-02,34.07,34.28,33.72,34.26,34.26,6012000.0
2011-06-03,33.8,33.93,33.26,33.27,33.27,3930000.0
2011-06-06,33.2,33.41,32.82,32.84,32.84,3075400.0
2011-06-07,33.0,33.31,32.67,33.01,33.01,4301800.0
2011-06-08,32.87,33.01,32.2,32.24,32.24,4481300.0
2011-06-09,32.35,32.48,32.05,32.22,32.22,3550600.0
2011-06-10,32.23,32.23,31.58,31.67,31.67,5023200.0
2011-06-13,31.67,31.93,31.58,31.66,31.66,3756300.0
2011-06-14,31.95,32.52,31.8,32.09,32.09,4762700.0
2011-06-15,31.74,31.81,31.07,31.13,31.13,5132500.0
2011-06-16,31.09,31.24,30.43,30.8,30.8,5988200.0
2011-06-17,31.33,31.33,30.44,30.47,30.47,10549200.0
2011-06-20,30.27,31.09,30.26,30.95,30.95,8884600.0
2011-06-21,31.2,32.03,31.15,32.01,32.01,9031900.0
2011-06-22,30.3,30.77,29.78,30.01,30.01,22453100.0
2011-06-23,29.67,30.48,29.63,30.44,30.44,8866400.0
2011-06-24,30.27,30.34,29.73,29.97,29.97,8299100.0
2011-06-27,29.84,31.13,29.82,30.89,30.89,7080400.0
2011-06-28,31.03,31.03,30.71,30.79,30.79,5469600.0
2011-06-29,30.95,31.26,30.88,31.15,31.15,5023600.0
2011-06-30,31.21,31.6,31.05,31.45,31.45,5519700.0
2011-07-01,31.33,31.65,31.24,31.53,31.53,4218400.0
2011-07-05,31.42,31.6,31.24,31.52,31.52,3513400.0
2011-07-06,31.52,31.79,31.45,31.65,31.65,2873100.0
2011-07-07,31.85,32.35,31.76,32.07,32.07,4938000.0
2011-07-08,31.8,32.0,31.12,31.54,31.54,4917600.0
2011-07-11,31.18,31.33,30.76,30.98,30.98,3725400.0
2011-07-12,30.8,30.8,30.23,30.35,30.35,5665300.0
2011-07-13,30.52,30.77,29.97,30.07,30.07,5277400.0
2011-07-14,30.12,30.22,29.25,29.35,29.35,7159600.0
2011-07-15,29.43,29.57,29.02,29.29,29.29,5232800.0
2011-07-18,29.18,29.18,28.34,28.77,28.77,5789500.0
2011-07-19,29.02,29.63,28.93,29.4,29.4,4944300.0
2011-07-20,29.4,29.45,29.03,29.16,29.16,3747600.0
2011-07-21,29.22,30.03,29.17,29.56,29.56,6380700.0
2011-07-22,29.69,29.85,29.1,29.72,29.72,5349400.0
2011-07-25,29.56,29.83,29.32,29.65,29.65,3673100.0
2011-07-26,29.67,29.85,29.35,29.63,29.63,2910600.0
2011-07-27,29.46,29.48,28.46,28.5,28.5,6108100.0
2011-07-28,28.43,28.66,28.0,28.02,28.02,9289100.0
2011-07-29,28.0,28.15,27.63,27.71,27.71,8024200.0
2011-08-01,27.95,28.04,27.23,27.67,27.67,6798000.0
2011-08-02,27.51,27.75,27.01,27.03,27.03,4707900.0
2011-08-03,27.12,27.41,26.57,27.37,27.37,4832100.0
2011-08-04,26.91,27.12,26.12,26.15,26.15,11350400.0
2011-08-05,26.4,26.5,25.16,25.62,25.62,14940600.0
2011-08-08,24.77,25.21,23.91,23.91,23.91,11923600.0
2011-08-09,24.09,24.85,23.2,24.81,24.81,12034700.0
2011-08-10,24.25,24.37,22.75,22.8,22.8,14534600.0
2011-08-11,22.98,24.33,22.67,24.0,24.0,14533400.0
2011-08-12,23.88,24.27,23.78,24.1,24.1,7304800.0
2011-08-15,24.16,24.65,24.15,24.65,24.65,4258500.0
2011-08-16,24.33,24.76,24.22,24.63,24.63,7402600.0
2011-08-17,24.57,25.15,24.31,24.56,24.56,5754300.0
2011-08-18,23.8,23.85,23.0,23.28,23.28,10522500.0
2011-08-19,23.05,23.68,22.67,22.69,22.69,7304500.0
2011-08-22,23.19,23.36,22.84,23.17,23.17,6028400.0
2011-08-23,23.3,23.78,23.18,23.78,23.78,6317800.0
2011-08-24,23.74,24.14,23.45,24.1,24.1,5972600.0
2011-08-25,24.29,24.46,23.75,23.87,23.87,6834100.0
2011-08-26,23.82,24.75,23.55,24.54,24.54,4268400.0
2011-08-29,24.96,25.58,24.84,25.52,25.52,3896000.0
2011-08-30,25.2,25.39,24.9,25.19,25.19,5029900.0
2011-08-31,25.35,25.87,25.04,25.24,25.24,5257300.0
2011-09-01,25.35,25.43,24.69,24.77,24.77,4679400.0
2011-09-02,24.29,24.32,23.77,24.15,24.15,6477100.0
2011-09-06,23.46,23.81,23.2,23.74,23.74,5579700.0
2011-09-07,24.1,25.34,24.02,25.3,25.3,7951500.0
2011-09-08,25.23,25.25,24.86,24.99,24.99,5993400.0
2011-09-09,24.73,25.1,24.43,24.64,24.64,6805600.0
2011-09-12,24.32,25.23,24.24,25.2,25.2,6505500.0
2011-09-13,25.25,25.44,24.86,25.18,25.18,7253900.0
2011-09-14,25.36,26.1,24.99,25.76,25.76,5069300.0
2011-09-15,26.03,26.18,25.69,26.12,26.12,5478600.0
2011-09-16,25.81,25.85,25.25,25.52,25.52,13048300.0
2011-09-19,25.22,25.51,24.84,25.27,25.27,7670200.0
2011-09-20,25.4,25.4,24.53,24.64,24.64,11626800.0
2011-09-21,25.95,26.3,24.88,24.89,24.89,15700200.0
2011-09-22,23.99,24.4,23.87,24.31,24.31,11130000.0
2011-09-23,24.16,25.0,23.97,24.88,24.88,5681700.0
2011-09-26,24.99,25.17,24.31,25.13,25.13,5245200.0
2011-09-27,25.54,26.14,25.36,25.56,25.56,5871400.0
2011-09-28,25.62,25.8,25.04,25.11,25.11,4783900.0
2011-09-29,25.6,25.83,24.45,24.99,24.99,6030100.0
2011-09-30,24.6,24.7,24.14,24.17,24.17,6563300.0
2011-10-03,23.9,24.22,23.24,23.26,23.26,7995200.0
2011-10-04,22.97,24.07,22.89,24.04,24.04,7106200.0
2011-10-05,24.07,24.8,23.74,24.68,24.68,5511200.0
2011-10-06,24.6,25.34,24.49,25.33,25.33,3846300.0
2011-10-07,25.42,25.68,25.03,25.28,25.28,4105500.0
2011-10-10,25.74,26.08,25.45,25.76,25.76,4036200.0
2011-10-11,25.73,26.07,25.53,25.84,25.84,4367100.0
2011-10-12,26.09,26.28,25.8,25.88,25.88,4819100.0
2011-10-13,25.8,25.89,25.39,25.8,25.8,4516800.0
2011-10-14,27.13,27.65,26.37,26.81,26.81,18683900.0
2011-10-17,26.99,27.06,26.11,26.24,26.24,5372800.0
2011-10-18,26.3,26.99,25.86,26.76,26.76,9990500.0
2011-10-19,26.57,26.75,25.91,26.02,26.02,3908200.0
2011-10-20,26.03,26.2,25.5,26.08,26.08,8007200.0
2011-10-21,26.39,27.41,26.36,27.3,27.3,7311100.0
2011-10-24,27.31,28.23,27.24,28.2,28.2,6770700.0
2011-10-25,28.05,28.28,27.77,27.85,27.85,6455700.0
2011-10-26,28.09,28.15,27.25,27.81,27.81,6735200.0
2011-10-27,28.51,28.68,28.14,28.34,28.34,7891500.0
2011-10-28,28.15,29.06,28.08,29.02,29.02,4545700.0
2011-10-31,28.48,29.72,28.45,29.41,29.41,12805900.0
2011-11-01,28.52,28.85,28.13,28.59,28.59,12232200.0
2011-11-02,28.88,29.67,28.83,29.35,29.35,9150300.0
2011-11-03,29.63,30.22,29.49,30.16,30.16,5568800.0
2011-11-04,29.97,30.07,29.61,29.79,29.79,6212200.0
2011-11-07,29.67,29.99,29.04,29.92,29.92,4303500.0
2011-11-08,30.16,30.68,30.04,30.42,30.42,6593900.0
2011-11-09,27.49,28.48,26.13,28.08,28.08,27277200.0
2011-11-10,28.22,28.28,27.62,28.03,28.03,8969500.0
2011-11-11,28.17,28.79,28.02,28.43,28.43,8354700.0
2011-11-14,28.35,28.74,28.16,28.24,28.24,4715500.0
2011-11-15,28.13,28.59,28.11,28.47,28.47,5688900.0
2011-11-16,28.24,29.07,28.0,28.54,28.54,6319800.0
2011-11-17,28.48,28.55,27.49,27.69,27.69,6939600.0
2011-11-18,27.72,27.76,27.13,27.18,27.18,6119700.0
2011-11-21,26.85,26.86,26.33,26.63,26.63,6730600.0
2011-11-22,26.47,26.65,26.2,26.33,26.33,5008100.0
2011-11-23,26.05,26.17,25.8,25.94,25.94,5496100.0
2011-11-25,25.72,26.06,25.72,25.83,25.83,2946700.0
2011-11-28,26.49,26.88,26.41,26.62,26.62,5923300.0
2011-11-29,26.69,26.69,25.94,26.07,26.07,8097000.0
2011-11-30,26.8,27.43,26.61,27.42,27.42,6276100.0
2011-12-01,26.93,27.45,26.9,27.14,27.14,4908200.0
2011-12-02,27.35,27.45,27.01,27.11,27.11,3752600.0
2011-12-05,27.43,28.07,27.25,27.91,27.91,4979900.0
2011-12-06,28.01,28.18,27.84,27.96,27.96,4075400.0
2011-12-07,27.87,27.99,27.16,27.86,27.86,5501100.0
2011-12-08,27.74,28.11,27.32,27.38,27.38,4742300.0
2011-12-09,27.35,28.15,27.3,28.04,28.04,4227400.0
2011-12-12,27.73,27.8,27.1,27.39,27.39,4825100.0
2011-12-13,27.55,27.7,26.89,26.99,26.99,8728700.0
2011-12-14,26.8,27.15,26.25,26.52,26.52,7277900.0
2011-12-15,26.8,27.01,26.39,26.46,26.46,5819000.0
2011-12-16,27.73,28.93,27.62,28.2,28.2,14464700.0
2011-12-19,28.06,28.29,27.4,27.51,27.51,6635000.0
2011-12-20,27.95,28.49,27.86,28.44,28.44,4505300.0
2011-12-21,28.29,28.38,27.4,27.97,27.97,7383600.0
2011-12-22,28.05,28.25,27.7,27.89,27.89,5299700.0
2011-12-23,28.04,28.3,27.95,28.29,28.29,3131900.0
2011-12-27,28.25,28.76,28.16,28.5,28.5,3246500.0
2011-12-28,28.45,28.58,27.93,28.02,28.02,2500500.0
2011-12-29,28.02,28.45,27.98,28.31,28.31,2579800.0
2011-12-30,28.26,28.64,28.26,28.27,28.27,3471900.0
2012-01-03,28.7,29.01,28.51,28.57,28.57,4495100.0
2012-01-04,28.5,28.59,28.04,28.28,28.28,3852400.0
2012-01-05,28.07,28.62,28.05,28.48,28.48,2999500.0
2012-01-06,28.37,28.79,28.14,28.72,28.72,5781700.0
2012-01-09,28.76,28.83,28.44,28.53,28.53,3514700.0
2012-01-10,28.61,29.35,28.61,29.2,29.2,4442700.0
2012-01-11,29.16,29.39,28.96,29.32,29.32,3306300.0
2012-01-12,29.43,29.47,28.83,29.23,29.23,3704300.0
2012-01-13,29.11,29.18,28.45,28.97,28.97,2903900.0
2012-01-17,29.17,29.48,28.99,29.35,29.35,2903500.0
2012-01-18,29.27,29.89,29.22,29.89,29.89,4553700.0
2012-01-19,29.91,30.28,29.88,30.24,30.24,4303100.0
2012-01-20,30.28,30.55,30.18,30.5,30.5,4091200.0
2012-01-23,30.33,30.78,29.98,30.23,30.23,5378200.0
2012-01-24,30.17,31.0,30.08,30.95,30.95,4715800.0
2012-01-25,30.59,31.4,30.51,31.34,31.34,5459800.0
2012-01-26,31.15,31.77,31.0,31.18,31.18,4287800.0
2012-01-27,30.47,31.21,30.31,31.05,31.05,4291000.0
2012-01-30,30.69,31.13,30.55,31.0,31.0,5184400.0
2012-01-31,31.18,31.25,30.85,30.95,30.95,3753600.0
2012-02-01,31.2,31.5,31.09,31.24,31.24,4654400.0
2012-02-02,31.24,31.68,31.21,31.29,31.29,3803900.0
2012-02-03,31.7,32.17,31.6,31.85,31.85,4588200.0
2012-02-06,31.61,32.35,31.52,31.86,31.86,4536300.0
2012-02-07,31.74,32.4,31.7,32.28,32.28,3404200.0
2012-02-08,32.2,32.39,31.93,32.1,32.1,3607700.0
2012-02-09,32.09,32.69,32.09,32.65,32.65,4711900.0
2012-02-10,32.28,32.46,32.05,32.21,32.21,2819800.0
2012-02-13,32.42,32.65,32.0,32.35,32.35,3260800.0
2012-02-14,32.2,32.44,32.06,32.44,32.44,4953200.0
2012-02-15,32.49,32.65,32.35,32.46,32.46,3311500.0
2012-02-16,32.45,32.91,32.45,32.86,32.86,3085700.0
2012-02-17,32.96,33.05,32.75,32.75,32.75,3686400.0
2012-02-21,32.74,33.06,32.47,32.54,32.54,3655400.0
2012-02-22,32.45,32.89,32.24,32.33,32.33,3389700.0
2012-02-23,32.21,33.01,32.1,32.97,32.97,3119200.0
2012-02-24,32.91,33.5,32.86,33.41,33.41,3481200.0
2012-02-27,33.18,33.5,33.09,33.27,33.27,3204400.0
2012-02-28,33.36,33.44,32.98,33.27,33.27,4147800.0
2012-02-29,33.21,33.44,32.86,32.89,32.89,4103100.0
2012-03-01,32.86,33.29,32.77,33.1,33.1,2898900.0
2012-03-02,33.0,33.83,32.91,33.73,33.73,4979600.0
2012-03-05,33.56,33.61,33.04,33.22,33.22,3307800.0
2012-03-06,32.8,33.1,31.9,31.99,31.99,7675000.0
2012-03-07,32.13,32.56,31.96,32.41,32.41,3326400.0
2012-03-08,32.68,33.15,32.67,33.05,33.05,3198700.0
2012-03-09,33.19,33.65,33.08,33.64,33.64,2910700.0
2012-03-12,33.5,33.85,33.27,33.56,33.56,2487300.0
2012-03-13,33.79,34.22,33.42,34.22,34.22,3425700.0
2012-03-14,34.24,34.24,33.66,33.77,33.77,3607000.0
2012-03-15,33.86,34.2,33.63,34.17,34.17,3685800.0
2012-03-16,34.06,34.15,33.66,33.82,33.82,5093300.0
2012-03-19,34.08,34.55,33.56,34.51,34.51,6819300.0
2012-03-20,33.38,33.94,32.88,33.16,33.16,16394100.0
2012-03-21,33.1,33.83,33.1,33.56,33.56,5680100.0
2012-03-22,33.31,33.8,33.22,33.71,33.71,5121700.0
2012-03-23,33.71,33.84,33.5,33.81,33.81,3253200.0
2012-03-26,33.99,34.42,33.93,34.4,34.4,4668400.0
2012-03-27,34.33,34.71,34.28,34.63,34.63,4376000.0
2012-03-28,34.52,34.75,34.28,34.46,34.46,4223100.0
2012-03-29,34.32,34.55,34.16,34.48,34.48,2459000.0
2012-03-30,34.69,34.69,34.24,34.31,34.31,5232500.0
2012-04-02,34.14,34.78,33.8,34.7,34.7,4110500.0
2012-04-03,34.52,34.61,33.99,34.31,34.31,2879500.0
2012-04-04,33.98,34.03,33.36,33.46,33.46,4357800.0
2012-04-05,33.17,33.62,33.14,33.59,33.59,3987700.0
2012-04-09,33.02,33.36,32.77,33.22,33.22,3478300.0
2012-04-10,33.15,33.43,32.53,32.61,32.61,5460200.0
2012-04-11,32.97,33.1,32.63,33.01,33.01,3586400.0
2012-04-12,33.02,33.65,32.87,33.55,33.55,3053400.0
2012-04-13,33.4,33.61,33.16,33.18,33.18,2784700.0
2012-04-16,33.22,33.37,32.69,32.85,32.85,3281300.0
2012-04-17,33.13,33.98,32.93,33.84,33.84,4049900.0
2012-04-18,33.58,33.63,33.25,33.39,33.39,2369000.0
2012-04-19,33.2,33.7,32.69,32.9,32.9,3452900.0
2012-04-20,32.92,33.74,32.69,33.06,33.06,3970600.0
2012-04-23,32.84,32.84,32.32,32.62,32.62,3580700.0
2012-04-24,32.66,32.83,32.23,32.4,32.4,4756700.0
2012-04-25,32.64,33.27,32.46,33.13,33.13,3742100.0
2012-04-26,32.99,33.32,32.92,33.26,33.26,2999500.0
2012-04-27,33.38,33.79,33.21,33.58,33.58,3277600.0
2012-04-30,33.46,33.62,33.4,33.55,33.55,2678900.0
2012-05-01,33.59,34.09,33.47,33.77,33.77,2578700.0
2012-05-02,33.63,33.88,33.27,33.76,33.76,1612300.0
2012-05-03,33.77,33.94,33.24,33.32,33.32,2670300.0
2012-05-04,32.99,33.21,32.5,32.61,32.61,2991800.0
2012-05-07,32.48,32.9,32.33,32.52,32.52,3323000.0
2012-05-08,32.29,32.75,31.88,32.67,32.67,3592100.0
2012-05-09,32.29,32.72,31.82,32.52,32.52,4057300.0
2012-05-10,32.73,32.82,31.65,31.92,31.92,4811500.0
2012-05-11,31.9,32.46,31.7,32.2,32.2,3183500.0
2012-05-14,31.81,32.52,31.67,32.23,32.23,3133400.0
2012-05-15,32.23,32.85,32.13,32.33,32.33,2540300.0
2012-05-16,32.44,32.74,32.19,32.36,32.36,4373600.0
2012-05-17,32.38,32.62,32.01,32.01,32.01,4762700.0
2012-05-18,32.1,32.1,31.29,31.31,31.31,4238200.0
2012-05-21,31.45,32.07,30.94,32.01,32.01,3420000.0
2012-05-22,31.97,32.25,31.63,32.01,32.01,3476700.0
2012-05-23,31.7,32.21,31.46,32.18,32.18,4300000.0
2012-05-24,32.17,32.17,31.36,31.54,31.54,4116500.0
2012-05-25,31.64,31.9,31.5,31.6,31.6,2000300.0
2012-05-29,31.88,32.26,31.61,32.05,32.05,3171200.0
2012-05-30,31.83,31.83,31.13,31.29,31.29,3426400.0
2012-05-31,31.34,31.38,30.76,31.05,31.05,4736000.0
2012-06-01,30.37,30.62,29.81,29.82,29.82,4362000.0
2012-06-04,29.88,30.62,29.88,30.31,30.31,3668100.0
2012-06-05,30.19,30.74,30.19,30.71,30.71,2263800.0
2012-06-06,30.91,31.72,30.67,31.69,31.69,3092800.0
2012-06-07,32.06,32.12,31.24,31.32,31.32,4293100.0
2012-06-08,31.25,31.69,31.2,31.65,31.65,3095900.0
2012-06-11,31.9,31.95,31.09,31.13,31.13,3811400.0
2012-06-12,31.34,31.78,31.2,31.77,31.77,3305700.0
2012-06-13,31.65,32.09,31.54,31.79,31.79,4141000.0
2012-06-14,31.35,31.85,31.13,31.67,31.67,6732700.0
2012-06-15,31.75,32.42,31.44,32.39,32.39,5442600.0
2012-06-18,32.27,32.68,32.08,32.63,32.63,4579500.0
2012-06-19,32.84,33.19,32.67,32.89,32.89,6714500.0
2012-06-20,30.68,32.49,30.38,31.99,31.99,18924900.0
2012-06-21,31.82,31.94,31.13,31.23,31.23,7167100.0
2012-06-22,31.4,31.74,31.19,31.57,31.57,7841700.0
2012-06-25,31.26,31.36,30.8,30.85,30.85,2595400.0
2012-06-26,30.9,31.2,30.71,31.07,31.07,2208600.0
2012-06-27,31.28,31.55,31.1,31.41,31.41,1960300.0
2012-06-28,31.26,31.37,30.75,31.17,31.17,2887800.0
2012-06-29,31.74,32.37,31.68,32.37,32.37,4451000.0
2012-07-02,31.86,32.25,31.86,32.19,32.19,3895800.0
2012-07-03,32.01,32.51,32.01,32.51,32.51,2107800.0
2012-07-05,32.22,32.68,32.19,32.53,32.53,2973000.0
2012-07-06,32.2,32.48,31.22,31.37,31.37,5272700.0
2012-07-09,31.29,31.53,30.4,30.43,30.43,5342900.0
2012-07-10,30.7,30.88,30.21,30.44,30.44,4084700.0
2012-07-11,30.51,30.51,29.97,30.2,30.2,2611700.0
2012-07-12,30.11,30.31,29.52,30.14,30.14,4716800.0
2012-07-13,30.18,30.78,30.06,30.65,30.65,2719000.0
2012-07-16,30.65,30.65,30.24,30.4,30.4,1879600.0
2012-07-17,30.71,30.71,29.98,30.65,30.65,3314000.0
2012-07-18,30.65,31.57,30.55,31.43,31.43,3124400.0
2012-07-19,31.51,32.11,31.41,31.89,31.89,3645700.0
2012-07-20,31.93,32.05,31.35,31.38,31.38,4063500.0
2012-07-23,30.81,30.82,30.23,30.64,30.64,2689800.0
2012-07-24,30.67,30.75,29.81,30.02,30.02,2866400.0
2012-07-25,30.06,30.52,29.98,30.33,30.33,3003700.0
2012-07-26,30.85,31.41,30.49,30.95,30.95,3644200.0
2012-07-27,31.26,32.0,31.17,31.9,31.9,3312900.0
2012-07-30,31.89,31.95,30.92,31.01,31.01,4261200.0
2012-07-31,30.99,31.27,30.84,30.88,30.88,2662900.0
2012-08-01,31.05,31.17,30.64,30.69,30.69,2738800.0
2012-08-02,30.46,30.83,30.25,30.58,30.58,2640000.0
2012-08-03,31.15,32.06,31.05,32.02,32.02,3617100.0
2012-08-06,32.02,32.32,32.01,32.14,32.14,2910600.0
2012-08-07,32.24,32.58,32.22,32.37,32.37,2569000.0
2012-08-08,32.19,32.64,32.19,32.51,32.51,2156700.0
2012-08-09,32.6,32.94,32.42,32.65,32.65,4344400.0
2012-08-10,32.57,32.69,32.43,32.64,32.64,2975800.0
2012-08-13,32.48,32.55,32.09,32.27,32.27,2433900.0
2012-08-14,32.51,32.55,32.0,32.11,32.11,2712500.0
2012-08-15,32.24,32.95,32.12,32.91,32.91,3632300.0
2012-08-16,32.89,33.72,32.87,33.65,33.65,4020000.0
2012-08-17,33.73,33.91,33.42,33.8,33.8,3823000.0
2012-08-20,33.66,33.94,33.36,33.92,33.92,3465000.0
2012-08-21,33.78,34.09,33.6,33.75,33.75,3493200.0
2012-08-22,33.74,33.98,33.62,33.84,33.84,2871000.0
2012-08-23,33.66,33.8,33.35,33.5,33.5,2566700.0
2012-08-24,32.58,32.58,31.83,32.26,32.26,8759600.0
2012-08-27,32.47,32.75,32.3,32.32,32.32,4457400.0
2012-08-28,32.36,32.46,32.03,32.06,32.06,4139800.0
2012-08-29,32.14,32.24,31.61,31.96,31.96,4560900.0
2012-08-30,31.77,31.85,31.35,31.46,31.46,3174800.0
2012-08-31,31.65,31.9,31.0,31.27,31.27,5966300.0
2012-09-04,31.24,31.51,31.01,31.44,31.44,4419800.0
2012-09-05,31.39,32.26,31.26,32.26,32.26,6289600.0
2012-09-06,32.26,32.98,32.26,32.79,32.79,4577200.0
2012-09-07,32.83,32.89,32.39,32.46,32.46,3581300.0
2012-09-10,32.36,32.57,32.11,32.13,32.13,3865300.0
2012-09-11,32.06,32.59,31.94,32.43,32.43,3929200.0
2012-09-12,32.59,32.88,32.33,32.42,32.42,3564800.0
2012-09-13,32.49,33.07,32.32,32.81,32.81,4195200.0
2012-09-14,32.93,33.38,32.74,33.34,33.34,3862300.0
2012-09-17,33.29,33.42,32.99,33.41,33.41,3407700.0
2012-09-18,33.23,33.26,32.49,32.57,32.57,5954700.0
2012-09-19,32.8,33.17,32.46,33.12,33.12,7805300.0
2012-09-20,33.25,34.55,33.0,34.53,34.53,12398400.0
2012-09-21,34.36,34.49,33.47,33.83,33.83,8794400.0
2012-09-24,33.39,33.76,33.26,33.42,33.42,5348300.0
2012-09-25,33.7,33.75,32.87,32.9,32.9,6122000.0
2012-09-26,32.91,32.98,32.42,32.53,32.53,3406100.0
2012-09-27,32.67,32.94,32.43,32.8,32.8,3487600.0
2012-09-28,32.65,32.93,32.39,32.44,32.44,4017900.0
2012-10-01,32.58,32.85,32.35,32.62,32.62,5201900.0
2012-10-02,32.82,32.91,32.32,32.57,32.57,3381600.0
2012-10-03,32.73,32.85,32.52,32.6,32.6,2455700.0
2012-10-04,32.54,32.79,32.2,32.68,32.68,3886900.0
2012-10-05,32.83,33.03,32.39,32.47,32.47,2505100.0
2012-10-08,32.26,32.47,32.02,32.23,32.23,2154800.0
2012-10-09,32.22,32.25,31.56,31.69,31.69,3504400.0
2012-10-10,31.64,31.8,31.33,31.51,31.51,2481700.0
2012-10-11,31.85,31.91,31.58,31.78,31.78,2854600.0
2012-10-12,31.78,32.05,31.69,31.94,31.94,3040300.0
2012-10-15,32.01,32.35,31.88,32.33,32.33,3143200.0
2012-10-16,32.44,33.35,32.3,33.24,33.24,4782200.0
2012-10-17,33.12,33.54,32.92,33.44,33.44,5146400.0
2012-10-18,33.45,33.68,33.24,33.47,33.47,3913800.0
2012-10-19,33.45,33.65,33.14,33.24,33.24,5562600.0
2012-10-22,33.44,33.55,33.17,33.49,33.49,3684900.0
2012-10-23,33.19,33.44,32.97,33.31,33.31,3151800.0
2012-10-24,33.56,33.6,33.28,33.36,33.36,3381500.0
2012-10-25,33.53,33.69,33.27,33.4,33.4,2868700.0
2012-10-26,33.13,34.09,32.99,34.01,34.01,6310600.0
2012-10-31,34.0,34.05,33.76,34.03,34.03,4253100.0
2012-11-01,34.08,34.64,33.89,34.36,34.36,3681700.0
2012-11-02,34.59,34.6,34.23,34.39,34.39,4006300.0
2012-11-05,34.18,34.33,33.84,34.24,34.24,2808500.0
2012-11-06,34.42,34.66,34.24,34.39,34.39,2678900.0
2012-11-07,34.11,34.15,33.46,33.47,33.47,4681500.0
2012-11-08,33.5,33.57,32.92,32.98,32.98,4247900.0
2012-11-09,33.01,33.28,32.89,32.9,32.9,2581600.0
2012-11-12,32.95,33.03,32.66,32.7,32.7,1911900.0
2012-11-13,32.55,32.92,32.35,32.54,32.54,2597200.0
2012-11-14,32.6,32.77,32.16,32.24,32.24,5566500.0
2012-11-15,32.38,32.72,32.14,32.64,32.64,3817700.0
2012-11-16,32.58,32.75,32.27,32.65,32.65,3447300.0
2012-11-19,32.93,33.0,32.71,32.92,32.92,2645500.0
2012-11-20,32.8,32.95,32.52,32.64,32.64,2345400.0
2012-11-21,32.75,32.98,32.53,32.84,32.84,1703700.0
2012-11-23,33.06,33.43,32.99,33.4,33.4,1449800.0
2012-11-26,33.22,33.33,33.05,33.29,33.29,2348500.0
2012-11-27,33.19,33.59,33.16,33.18,33.18,2180400.0
2012-11-28,33.16,33.94,32.94,33.88,33.88,2612600.0
2012-11-29,34.08,34.17,33.78,34.09,34.09,3353700.0
2012-11-30,34.19,34.81,33.85,34.61,34.61,4935400.0
