ticker_id,IPO_date,ticker_type
1101,1962-02-09,上市
1102,1962-06-08,上市
1103,1969-11-14,上市
1104,1971-02-01,上市
1108,1990-06-06,上市
1109,1991-12-05,上市
1110,1994-10-22,上市
1201,1962-02-09,上市
1203,1964-08-24,上市
1210,1978-05-20,上市
1213,1981-04-10,上市
1215,1987-07-27,上市
1216,1987-12-28,上市
1217,1989-10-28,上市
1218,1989-11-11,上市
1219,1990-12-01,上市
1220,1991-11-20,上市
1225,1993-09-27,上市
1227,1994-04-09,上市
1229,1976-07-19,上市
1231,1995-11-02,上市
1232,1996-02-09,上市
1233,1999-01-20,上市
1234,1999-03-12,上市
1235,2000-09-11,上市
1236,2001-09-17,上市
1256,2016-03-17,上市
1301,1964-07-27,上市
1303,1967-11-05,上市
1304,1972-05-20,上市
1305,1973-03-05,上市
1307,1985-11-23,上市
1308,1986-06-20,上市
1309,1986-06-27,上市
1310,1987-08-06,上市
1312,1988-12-21,上市
1313,1989-03-27,上市
1314,1991-07-12,上市
1315,1992-05-09,上市
1316,1992-10-15,上市
1319,1994-12-12,上市
1321,1999-01-26,上市
1323,2000-09-11,上市
1324,2000-09-11,上市
1325,2000-09-11,上市
1326,1984-12-20,上市
1337,2011-07-01,上市
1338,2012-12-19,上市
1339,2012-04-24,上市
1340,2013-12-06,上市
1341,2018-12-24,上市
1402,1967-04-14,上市
1409,1973-08-31,上市
1410,1973-10-18,上市
1413,1975-12-23,上市
1414,1976-02-02,上市
1416,1976-04-20,上市
1417,1976-12-28,上市
1418,1977-02-14,上市
1419,1977-03-14,上市
1423,1979-04-02,上市
1432,1982-07-26,上市
1434,1985-12-24,上市
1435,1987-12-28,上市
1436,1988-04-11,上市
1437,1988-11-10,上市
1438,1988-12-15,上市
1439,1989-05-22,上市
1440,1989-10-03,上市
1441,1989-10-27,上市
1442,1989-11-16,上市
1443,1990-04-21,上市
1444,1990-08-08,上市
1445,1991-02-05,上市
1446,1991-10-15,上市
1447,1992-01-28,上市
1449,1992-03-12,上市
1451,1992-12-21,上市
1452,1992-12-28,上市
1453,1993-04-19,上市
1454,1993-05-07,上市
1455,1993-10-07,上市
1456,1993-12-09,上市
1457,1994-10-20,上市
1459,1994-10-26,上市
1460,1995-04-28,上市
1463,1996-12-05,上市
1464,1997-01-18,上市
1465,1997-09-08,上市
1466,1998-04-04,上市
1467,1998-12-21,上市
1468,1999-01-21,上市
1470,1999-05-21,上市
1471,2000-03-06,上市
1472,2000-09-11,上市
1473,2000-09-11,上市
1474,2000-10-31,上市
1475,2000-10-27,上市
1476,2001-04-18,上市
1477,2003-01-21,上市
1503,1969-12-15,上市
1504,1973-11-05,上市
1506,1980-08-11,上市
1507,1989-11-09,上市
1512,1994-01-28,上市
1513,1994-03-08,上市
1514,1994-03-26,上市
1515,1995-02-04,上市
1516,1995-04-01,上市
1517,1995-11-14,上市
1519,1997-04-16,上市
1521,1997-10-06,上市
1522,1997-10-06,上市
1524,1998-10-30,上市
1525,1999-05-15,上市
1526,2000-03-27,上市
1527,2000-06-21,上市
1528,2000-09-11,上市
1529,2000-09-11,上市
1530,2000-09-11,上市
1531,2000-09-11,上市
1532,2000-09-11,上市
1533,2001-04-06,上市
1535,2001-09-17,上市
1536,2001-09-17,上市
1537,2002-01-22,上市
1538,2002-08-26,上市
1539,2002-10-29,上市
1540,2002-08-26,上市
1541,2003-03-19,上市
1558,2014-12-23,上市
1560,2005-01-31,上市
1568,2014-05-14,上市
1582,2009-12-17,上市
1583,2008-01-24,上市
1587,2018-04-16,上市
1589,2012-04-27,上市
1590,2010-12-13,上市
1592,2014-10-16,上市
1598,2016-09-20,上市
1603,1968-06-03,上市
1604,1970-12-14,上市
1605,1972-11-03,上市
1608,1988-07-11,上市
1609,1988-12-12,上市
1611,1990-01-16,上市
1612,1993-05-08,上市
1614,1997-09-18,上市
1615,2000-03-30,上市
1616,2000-09-11,上市
1617,2000-09-11,上市
1618,2000-09-11,上市
1626,2013-03-21,上市
1701,1962-02-09,上市
1702,1973-05-30,上市
1707,1982-12-20,上市
1708,1986-06-16,上市
1709,1986-07-03,上市
1710,1987-10-21,上市
1711,1988-12-27,上市
1712,1989-12-14,上市
1713,1990-01-31,上市
1714,1991-08-30,上市
1717,1994-03-31,上市
1718,1963-12-02,上市
1720,1995-12-12,上市
1721,1996-05-16,上市
1722,1998-03-24,上市
1723,1998-11-27,上市
1724,1995-03-30,上市
1725,2000-09-11,上市
1726,2000-09-11,上市
1727,2000-09-11,上市
1730,2001-09-17,上市
1731,2001-09-17,上市
1732,2001-09-17,上市
1733,2001-09-17,上市
1734,2002-08-26,上市
1735,2002-08-26,上市
1736,2003-01-09,上市
1737,2003-11-18,上市
1760,2018-01-23,上市
1762,2010-12-20,上市
1773,2009-02-27,上市
1776,2016-05-09,上市
1783,2013-12-20,上市
1786,2013-11-12,上市
1789,2011-09-29,上市
1795,2019-12-16,上市
1802,1973-07-20,上市
1805,1989-10-20,上市
1806,1992-09-29,上市
1808,1994-10-26,上市
1809,1996-04-30,上市
1810,1991-10-14,上市
1817,2013-10-24,上市
1902,1962-02-09,上市
1903,1963-12-09,上市
1904,1971-09-10,上市
1905,1975-02-07,上市
1906,1976-04-26,上市
1907,1977-02-22,上市
1909,1985-11-19,上市
2002,1974-12-26,上市
2006,1988-07-13,上市
2007,1988-10-04,上市
2008,1988-12-28,上市
2009,1989-10-20,上市
2010,1989-12-22,上市
2012,1991-10-17,上市
2013,1992-01-21,上市
2014,1992-02-20,上市
2015,1992-05-25,上市
2017,1992-11-02,上市
2020,1993-04-27,上市
2022,1995-03-27,上市
2023,1995-07-28,上市
2024,1995-12-30,上市
2025,1996-02-08,上市
2027,1996-10-24,上市
2028,1996-12-13,上市
2029,1997-01-11,上市
2030,1998-12-24,上市
2031,2000-09-11,上市
2032,2000-09-11,上市
2033,2000-09-11,上市
2034,2001-09-17,上市
2038,2008-12-30,上市
2049,2009-06-26,上市
2059,2008-06-25,上市
2062,2007-11-16,上市
2069,2016-03-22,上市
2101,1963-11-01,上市
2102,1979-07-16,上市
2103,1982-09-25,上市
2104,1986-07-15,上市
2105,1987-12-07,上市
2106,1990-12-20,上市
2107,1992-03-03,上市
2108,1992-10-27,上市
2109,2000-05-08,上市
2114,2010-12-29,上市
2115,2013-12-25,上市
2201,1976-07-08,上市
2204,1991-03-12,上市
2206,1996-07-29,上市
2207,1997-02-25,上市
2208,2008-12-22,上市
2227,2004-12-21,上市
2228,2013-11-25,上市
2231,2010-11-19,上市
2233,2019-09-17,上市
2236,2015-06-03,上市
2239,2016-01-27,上市
2243,2017-09-27,上市
2301,1995-11-17,上市
2302,1985-01-15,上市
2303,1985-07-16,上市
2305,1988-10-21,上市
2308,1988-12-19,上市
2312,1989-11-07,上市
2313,1990-07-24,上市
2314,1990-08-08,上市
2316,1991-02-05,上市
2317,1991-06-18,上市
2321,1991-11-08,上市
2323,1992-02-17,上市
2324,1992-02-18,上市
2327,1993-10-22,上市
2328,1993-11-09,上市
2329,1994-04-20,上市
2330,1994-09-05,上市
2331,1994-09-21,上市
2332,1994-10-17,上市
2337,1995-03-15,上市
2338,1995-04-17,上市
2340,1995-05-02,上市
2342,1995-09-19,上市
2344,1995-10-18,上市
2345,1995-11-15,上市
2347,1995-12-13,上市
2348,1996-01-05,上市
2349,1996-04-23,上市
2351,1996-04-25,上市
2352,1996-07-22,上市
2353,1996-09-18,上市
2354,1996-10-08,上市
2355,1996-10-14,上市
2356,1996-11-13,上市
2357,1996-11-14,上市
2358,1996-12-18,上市
2359,1996-12-19,上市
2360,1996-12-21,上市
2362,1997-04-02,上市
2363,1997-08-01,上市
2364,1997-08-11,上市
2365,1997-11-03,上市
2367,1997-12-13,上市
2368,1998-03-09,上市
2369,1998-04-10,上市
2371,1962-02-09,上市
2373,1991-08-01,上市
2374,1995-01-16,上市
2375,1998-08-29,上市
2376,1998-09-24,上市
2377,1998-10-31,上市
2379,1998-10-26,上市
2380,1998-12-03,上市
2382,1999-01-08,上市
2383,1998-11-27,上市
2385,1999-01-05,上市
2387,1999-01-25,上市
2388,1999-03-05,上市
2390,1999-06-15,上市
2392,1999-09-20,上市
2393,1999-11-04,上市
2395,1999-12-13,上市
2397,2000-01-15,上市
2399,1999-12-16,上市
2401,2000-01-27,上市
2402,2000-01-14,上市
2404,2000-03-14,上市
2405,2000-03-17,上市
2406,2000-04-29,上市
2408,2000-08-17,上市
2409,2000-09-08,上市
2412,2000-10-27,上市
2413,2000-09-11,上市
2414,2000-09-11,上市
2415,2000-09-11,上市
2417,2000-09-11,上市
2419,2000-09-11,上市
2420,2000-09-11,上市
2421,2000-09-11,上市
2423,2000-09-11,上市
2424,2000-09-11,上市
2425,2000-09-11,上市
2426,2000-09-11,上市
2427,2000-09-11,上市
2428,2000-09-11,上市
2429,2000-09-11,上市
2430,2000-09-11,上市
2431,2000-09-11,上市
2433,2000-09-11,上市
2434,2000-09-11,上市
2436,2000-09-11,上市
2438,2000-09-11,上市
2439,2000-09-11,上市
2440,2000-11-10,上市
2441,2000-10-26,上市
2442,2000-11-22,上市
2443,2001-01-03,上市
2444,2000-12-08,上市
2448,2001-05-25,上市
2449,2001-05-09,上市
2450,2001-05-24,上市
2451,2001-05-03,上市
2453,2001-05-22,上市
2454,2001-07-23,上市
2455,2002-01-24,上市
2456,2001-09-26,上市
2457,2001-09-17,上市
2458,2001-09-17,上市
2459,2001-09-17,上市
2460,2001-09-17,上市
2461,2001-09-17,上市
2462,2001-09-17,上市
2464,2001-09-17,上市
2465,2001-09-19,上市
2466,2001-09-17,上市
2467,2001-09-17,上市
2468,2001-09-17,上市
2471,2001-09-17,上市
2472,2001-09-17,上市
2474,2001-09-17,上市
2476,2001-09-17,上市
2477,2001-09-17,上市
2478,2001-09-17,上市
2480,2001-09-17,上市
2481,2001-09-17,上市
2482,2001-09-17,上市
2483,2001-09-17,上市
2484,2001-09-17,上市
2485,2001-09-17,上市
2486,2001-09-19,上市
2488,2001-09-17,上市
2489,2001-09-17,上市
2491,2001-09-17,上市
2492,2001-09-17,上市
2493,2002-01-23,上市
2495,2002-03-25,上市
2496,2002-03-08,上市
2497,2002-02-04,上市
2498,2002-03-26,上市
2499,2002-02-19,上市
2501,1967-10-28,上市
2504,1978-03-14,上市
2505,1979-11-14,上市
2506,1980-02-02,上市
2509,1988-05-20,上市
2511,1991-04-24,上市
2514,1992-09-26,上市
2515,1993-03-02,上市
2516,1993-05-25,上市
2520,1993-10-27,上市
2524,1994-10-18,上市
2527,1995-03-06,上市
2528,1995-03-10,上市
2530,1995-10-12,上市
2534,1996-02-12,上市
2535,1996-03-11,上市
2536,1996-03-14,上市
2537,1996-09-06,上市
2538,1996-11-01,上市
2539,1997-07-16,上市
2540,1989-12-26,上市
2542,1999-05-03,上市
2543,1999-10-15,上市
2545,2000-09-11,上市
2546,2000-09-11,上市
2547,2000-12-22,上市
2548,2002-08-26,上市
2597,2010-03-26,上市
2601,1965-11-04,上市
2603,1987-09-21,上市
2605,1989-12-08,上市
2606,1990-12-08,上市
2607,1990-12-14,上市
2608,1990-12-20,上市
2609,1992-04-20,上市
2610,1993-02-26,上市
2611,1993-10-28,上市
2612,1994-10-20,上市
2613,1995-01-20,上市
2614,1995-09-23,上市
2615,1996-05-16,上市
2616,1997-11-08,上市
2617,1998-06-24,上市
2618,2001-09-17,上市
2630,2018-02-22,上市
2633,2016-10-27,上市
2634,2014-08-25,上市
2636,2016-12-22,上市
2637,2010-12-01,上市
2642,2013-12-12,上市
2701,1965-03-22,上市
2702,1965-02-14,上市
2704,1982-11-10,上市
2705,1988-12-24,上市
2706,1991-06-25,上市
2707,1998-03-09,上市
2712,2013-12-03,上市
2722,2012-03-14,上市
2723,2010-11-22,上市
2727,2012-03-06,上市
2731,2013-09-24,上市
2739,2016-05-19,上市
2748,2016-11-23,上市
2801,1962-02-15,上市
2809,1983-07-20,上市
2812,1984-05-15,上市
2816,1992-05-05,上市
2820,1994-10-26,上市
2823,1995-02-08,上市
2832,1997-09-30,上市
2834,1998-01-03,上市
2836,1998-05-18,上市
2838,1998-06-29,上市
2841,1999-01-08,上市
2845,1998-11-27,上市
2849,1999-09-27,上市
2850,2000-05-22,上市
2851,2000-07-06,上市
2852,2000-11-28,上市
2855,2002-09-16,上市
2867,2012-12-18,上市
2880,2001-12-19,上市
2881,2001-12-19,上市
2882,2001-12-31,上市
2883,2001-12-28,上市
2884,2002-01-28,上市
2885,2002-02-04,上市
2886,2002-02-04,上市
2887,2002-02-18,上市
2888,2002-02-19,上市
2889,2002-03-26,上市
2890,2002-05-09,上市
2891,2002-05-17,上市
2892,2003-01-02,上市
2897,2017-05-05,上市
2901,1976-05-07,上市
2903,1978-10-11,上市
2904,1983-01-05,上市
2905,1988-09-19,上市
2906,1989-12-26,上市
2908,1993-02-18,上市
2910,1996-12-30,上市
2911,1997-01-18,上市
2912,1997-08-22,上市
2913,1962-02-09,上市
2915,1977-07-20,上市
2923,2012-12-07,上市
2929,2013-12-30,上市
2936,2016-09-26,上市
2939,2018-01-11,上市
3002,2002-01-23,上市
3003,2002-02-19,上市
3004,2002-02-25,上市
3005,2002-02-25,上市
3006,2002-03-04,上市
3008,2002-03-11,上市
3010,2002-07-22,上市
3011,2002-07-22,上市
3013,2002-09-16,上市
3014,2002-10-29,上市
3015,2002-10-16,上市
3016,2002-12-24,上市
3017,2002-09-27,上市
3018,2002-08-26,上市
3019,2002-08-26,上市
3021,2002-08-26,上市
3022,2002-08-26,上市
3023,2002-08-26,上市
3024,2002-08-26,上市
3025,2002-08-26,上市
3026,2002-08-26,上市
3027,2002-08-26,上市
3028,2002-08-26,上市
3029,2002-08-26,上市
3030,2002-10-29,上市
3031,2002-08-26,上市
3032,2002-08-26,上市
3033,2002-08-26,上市
3034,2002-08-26,上市
3035,2002-08-26,上市
3036,2002-08-26,上市
3037,2002-08-26,上市
3038,2002-08-26,上市
3040,2002-08-26,上市
3041,2002-08-26,上市
3042,2002-08-26,上市
3043,2002-08-26,上市
3044,2002-08-26,上市
3045,2002-08-26,上市
3046,2002-08-26,上市
3047,2002-08-26,上市
3048,2002-10-01,上市
3049,2002-09-27,上市
3050,2002-10-29,上市
3051,2002-10-28,上市
3052,1995-11-25,上市
3054,2002-11-18,上市
3055,2002-12-12,上市
3056,2003-03-03,上市
3057,2002-12-18,上市
3058,2002-12-09,上市
3059,2002-12-24,上市
3060,2003-04-21,上市
3062,2003-07-28,上市
3090,2007-12-31,上市
3094,2007-08-06,上市
3130,2006-02-17,上市
3149,2011-11-23,上市
3164,2010-03-22,上市
3167,2013-10-21,上市
3189,2004-11-01,上市
3209,2008-11-26,上市
3229,2009-12-31,上市
3231,2003-08-19,上市
3257,2011-03-21,上市
3266,2014-12-24,上市
3296,2007-12-31,上市
3305,2008-07-10,上市
3308,2008-03-12,上市
3311,2004-03-08,上市
3312,2010-12-29,上市
3321,2015-12-15,上市
3338,2013-12-13,上市
3346,2016-12-19,上市
3356,2005-03-28,上市
3376,2007-12-31,上市
3380,2004-12-20,上市
3383,2007-12-10,上市
3406,2005-12-20,上市
3413,2015-07-28,上市
3416,2015-01-23,上市
3419,2008-01-21,上市
3432,2010-12-30,上市
3437,2014-07-09,上市
3443,2006-11-03,上市
3450,2006-04-12,上市
3454,2011-07-22,上市
3481,2006-10-24,上市
3494,2007-12-13,上市
3501,2007-09-20,上市
3504,2007-01-26,上市
3515,2007-11-08,上市
3518,2007-11-28,上市
3528,2016-05-18,上市
3530,2018-07-16,上市
3532,2007-12-10,上市
3533,2007-12-10,上市
3535,2008-01-31,上市
3536,2008-04-30,上市
3545,2007-07-03,上市
3550,2010-11-10,上市
3557,2008-02-27,上市
3563,2019-04-02,上市
3576,2009-01-12,上市
3583,2013-03-12,上市
3588,2009-08-14,上市
3591,2010-11-12,上市
3593,2009-03-16,上市
3596,2009-03-11,上市
3605,2009-03-26,上市
3607,2009-10-28,上市
3617,2009-12-23,上市
3622,2009-03-25,上市
3645,2011-10-05,上市
3653,2009-11-18,上市
3661,2014-10-28,上市
3665,2011-04-21,上市
3669,2011-08-25,上市
3673,2010-10-29,上市
3679,2011-10-05,上市
3682,2013-08-05,上市
3686,2010-07-20,上市
3694,2011-05-03,上市
3698,2011-09-29,上市
3701,2004-08-30,上市
3702,2005-11-09,上市
3703,2010-04-08,上市
3704,2010-08-16,上市
3705,2011-01-03,上市
3706,2013-09-12,上市
3708,2016-08-31,上市
3711,2018-04-30,上市
3712,2018-10-01,上市
4104,2007-12-31,上市
4106,2004-11-08,上市
4108,2008-07-16,上市
4119,2004-01-07,上市
4133,2009-12-28,上市
4137,2013-11-27,上市
4141,2012-04-25,上市
4142,2012-05-03,上市
4144,2011-10-05,上市
4148,2017-06-08,上市
4155,2017-12-05,上市
4164,2012-10-24,上市
4190,2015-10-21,上市
4306,2008-01-21,上市
4414,2004-09-06,上市
4426,2011-12-16,上市
4438,2016-10-18,上市
4439,2019-12-05,上市
4526,2003-09-15,上市
4532,2003-08-04,上市
4536,2013-10-09,上市
4540,2018-08-15,上市
4545,2016-01-06,上市
4551,2015-08-10,上市
4552,2016-07-20,上市
4555,2015-10-27,上市
4557,2015-10-12,上市
4560,2017-05-26,上市
4562,2017-08-21,上市
4564,2019-03-07,上市
4566,2018-02-05,上市
4571,2019-09-17,上市
4572,2019-09-10,上市
4576,2019-09-04,上市
4720,2015-06-24,上市
4722,2012-08-15,上市
4725,2007-10-02,上市
4737,2010-12-23,上市
4739,2017-09-08,上市
4746,2011-03-01,上市
4755,2013-11-27,上市
4763,2015-11-09,上市
4764,2018-01-04,上市
4766,2018-11-28,上市
4807,2017-06-26,上市
4904,2005-08-24,上市
4906,2003-06-30,上市
4912,2015-05-21,上市
4915,2012-10-05,上市
4916,2013-11-21,上市
4919,2010-09-27,上市
4927,2015-09-08,上市
4930,2010-06-21,上市
4934,2010-03-10,上市
4935,2011-07-28,上市
4938,2010-06-24,上市
4942,2011-06-27,上市
4943,2016-11-11,上市
4952,2011-11-01,上市
4956,2011-10-24,上市
4958,2011-12-26,上市
4960,2011-10-24,上市
4961,2018-10-17,上市
4967,2019-01-14,上市
4968,2015-11-13,上市
4976,2012-11-20,上市
4977,2013-11-20,上市
4989,2018-06-28,上市
4994,2013-12-25,上市
4999,2013-06-03,上市
5007,2011-09-16,上市
5203,2004-09-27,上市
5215,2011-12-26,上市
5225,2012-11-05,上市
5234,2012-07-16,上市
5243,2013-11-25,上市
5258,2016-12-30,上市
5259,2013-12-03,上市
5264,2013-01-25,上市
5269,2012-12-12,上市
5283,2019-05-24,上市
5284,2017-03-09,上市
5285,2014-02-25,上市
5288,2014-09-25,上市
5305,2004-07-19,上市
5388,2007-12-03,上市
5434,2003-08-25,上市
5469,2003-08-25,上市
5471,2003-08-25,上市
5484,2003-08-25,上市
5515,2003-10-06,上市
5519,2014-02-10,上市
5521,2012-12-18,上市
5522,2007-08-06,上市
5525,2004-11-26,上市
5531,2005-01-31,上市
5533,2008-04-30,上市
5534,2004-05-24,上市
5538,2013-12-16,上市
5607,2004-12-02,上市
5608,2003-08-25,上市
5706,2011-10-21,上市
5871,2011-12-13,上市
5876,2018-10-19,上市
5880,2011-12-01,上市
5906,2011-10-24,上市
5907,2012-06-06,上市
6005,2005-11-21,上市
6024,2017-10-16,上市
6108,2008-12-30,上市
6112,2003-08-04,上市
6115,2004-07-19,上市
6116,2004-09-06,上市
6117,2003-08-25,上市
6120,2006-09-13,上市
6128,2003-06-16,上市
6131,2004-09-27,上市
6133,2003-08-15,上市
6136,2003-08-25,上市
6139,2003-08-25,上市
6141,2003-10-22,上市
6142,2003-08-04,上市
6152,2009-12-08,上市
6153,2008-01-21,上市
6155,2006-08-18,上市
6164,2008-10-21,上市
6165,2003-08-04,上市
6166,2004-11-08,上市
6168,2003-08-25,上市
6172,2004-05-24,上市
6176,2007-05-15,上市
6177,2013-08-01,上市
6183,2011-12-01,上市
6184,2005-02-15,上市
6189,2004-05-24,上市
6191,2007-10-19,上市
6192,2004-09-27,上市
6196,2004-05-24,上市
6197,2004-11-08,上市
6201,2004-09-27,上市
6202,2004-09-27,上市
6205,2008-01-21,上市
6206,2004-08-03,上市
6209,2004-11-08,上市
6213,2008-01-21,上市
6214,2010-12-30,上市
6215,2007-12-31,上市
6216,2004-09-27,上市
6224,2009-09-17,上市
6225,2004-09-27,上市
6226,2008-11-10,上市
6230,2010-09-16,上市
6235,2004-08-23,上市
6239,2004-11-08,上市
6243,2009-12-17,上市
6251,2009-03-18,上市
6257,2003-08-25,上市
6269,2003-09-23,上市
6271,2007-11-16,上市
6277,2003-10-30,上市
6278,2010-08-24,上市
6281,2005-12-08,上市
6282,2003-09-08,上市
6283,2008-01-21,上市
6285,2003-09-22,上市
6288,2018-05-09,上市
6289,2003-08-28,上市
6405,2013-11-28,上市
6409,2014-03-31,上市
6412,2013-11-08,上市
6414,2014-03-28,上市
6415,2013-12-12,上市
6416,2018-04-16,上市
6431,2014-12-04,上市
6442,2015-07-14,上市
6443,2015-10-01,上市
6449,2014-12-09,上市
6451,2015-01-26,上市
6452,2015-03-25,上市
6456,2015-06-12,上市
6464,2015-12-16,上市
6477,2016-06-21,上市
6491,2019-10-07,上市
6504,2013-05-07,上市
6505,2003-12-26,上市
6525,2016-04-12,上市
6531,2016-05-31,上市
6533,2017-03-14,上市
6541,2017-10-26,上市
6552,2017-01-10,上市
6558,2018-12-05,上市
6573,2017-09-26,上市
6579,2017-08-21,上市
6581,2018-01-30,上市
6582,2017-06-14,上市
6591,2017-12-28,上市
6592,2019-12-09,上市
6605,2004-03-17,上市
6625,2018-02-07,上市
6641,2018-09-21,上市
6655,2018-11-28,上市
6666,2018-11-19,上市
6668,2018-12-12,上市
6669,2019-03-27,上市
6670,2018-12-18,上市
6671,2018-12-11,上市
6672,2019-04-17,上市
6674,2018-11-28,上市
6698,2019-11-25,上市
6706,2019-12-19,上市
6715,2019-12-12,上市
8011,2011-09-19,上市
8016,2003-12-25,上市
8021,2008-01-21,上市
8028,2018-07-10,上市
8033,2007-06-21,上市
8039,2009-12-17,上市
8046,2006-04-07,上市
8070,2007-12-31,上市
8072,2005-08-19,上市
8081,2008-12-30,上市
8101,2004-07-01,上市
8103,2009-09-29,上市
8104,2019-01-17,上市
8105,2006-12-27,上市
8110,2007-10-31,上市
8112,2007-12-31,上市
8114,2012-11-26,上市
8131,2007-11-29,上市
8150,2014-04-11,上市
8163,2007-11-28,上市
8201,2007-10-29,上市
8210,2011-12-01,上市
8213,2009-12-25,上市
8215,2010-11-12,上市
8222,2015-01-27,上市
8249,2005-05-17,上市
8261,2009-12-11,上市
8271,2010-12-29,上市
8341,2015-03-23,上市
8367,2018-09-12,上市
8374,2008-12-25,上市
8404,2011-05-18,上市
8411,2011-11-01,上市
8422,2011-10-05,上市
8427,2011-12-06,上市
8429,2012-12-20,上市
8442,2016-11-08,上市
8443,2014-09-15,上市
8454,2014-12-19,上市
8462,2019-03-15,上市
8463,2015-07-13,上市
8464,2015-12-22,上市
8466,2016-11-01,上市
8467,2015-12-15,上市
8473,2016-09-08,上市
8478,2017-12-11,上市
8480,2017-01-17,上市
8481,2017-02-24,上市
8482,2018-08-15,上市
8488,2016-12-13,上市
8497,2018-03-23,上市
8499,2017-11-24,上市
8926,2003-08-25,上市
8940,2009-05-15,上市
8996,2014-02-14,上市
9802,2012-10-18,上市
9902,1964-07-14,上市
9904,1990-01-19,上市
9905,1990-08-08,上市
9906,1990-12-15,上市
9907,1991-01-29,上市
9908,1991-02-06,上市
9910,1992-02-18,上市
9911,1992-07-16,上市
9912,1992-08-08,上市
9914,1992-09-30,上市
9917,1993-12-08,上市
9918,1994-04-26,上市
9919,1994-11-04,上市
9921,1994-12-29,上市
9924,1995-03-15,上市
9925,1995-12-09,上市
9926,1998-04-08,上市
9927,1999-03-12,上市
9928,1999-08-09,上市
9929,1999-06-28,上市
9930,1999-11-22,上市
9931,2000-03-21,上市
9933,1993-05-28,上市
9934,2000-09-11,上市
9935,2000-09-11,上市
9937,2000-09-11,上市
9938,2001-01-12,上市
9939,2001-03-02,上市
9940,2001-09-17,上市
9941,2001-09-17,上市
9942,2002-01-28,上市
9943,2002-08-26,上市
9944,2002-08-26,上市
9945,1992-04-30,上市
9946,2013-09-17,上市
9955,2008-01-21,上市
9958,2008-03-12,上市
1240,2018-08-08,上櫃
1258,2011-12-12,上櫃
1259,2011-12-15,上櫃
1264,2015-04-09,上櫃
1268,2017-09-27,上櫃
1333,2005-08-08,上櫃
1336,2007-11-02,上櫃
1565,2004-03-30,上櫃
1569,2005-07-29,上櫃
1570,2005-06-30,上櫃
1580,2007-12-10,上櫃
1584,2007-11-28,上櫃
1586,2012-01-09,上櫃
1591,2012-03-23,上櫃
1593,2012-06-13,上櫃
1595,2011-10-04,上櫃
1597,2012-12-28,上櫃
1599,2012-12-25,上櫃
1742,2004-05-14,上櫃
1752,2009-08-10,上櫃
1777,2005-10-19,上櫃
1781,2004-12-24,上櫃
1784,2007-07-26,上櫃
1785,2005-01-31,上櫃
1788,2009-07-20,上櫃
1796,2018-01-22,上櫃
1799,2008-11-10,上櫃
1813,2009-08-04,上櫃
1815,2006-01-23,上櫃
2035,2006-07-07,上櫃
2061,2010-12-09,上櫃
2063,2010-09-07,上櫃
2064,2014-12-26,上櫃
2065,2017-04-21,上櫃
2066,2013-09-24,上櫃
2067,2014-05-26,上櫃
2070,2018-12-17,上櫃
2221,2007-08-01,上櫃
2230,2013-04-18,上櫃
2235,2014-12-15,上櫃
2596,2009-06-01,上櫃
2640,2012-11-07,上櫃
2641,2014-10-09,上櫃
2643,2016-03-04,上櫃
2718,2011-03-29,上櫃
2719,2012-02-24,上櫃
2724,2012-05-29,上櫃
2726,2014-12-24,上櫃
2729,2012-09-17,上櫃
2732,2015-01-20,上櫃
2734,2013-12-26,上櫃
2736,2016-01-06,上櫃
2740,2015-12-24,上櫃
2745,2018-04-16,上櫃
2752,2019-09-25,上櫃
2916,2005-03-10,上櫃
2924,2011-12-02,上櫃
2926,2013-01-30,上櫃
2928,2016-01-27,上櫃
2937,2017-06-08,上櫃
3064,2004-06-09,上櫃
3066,2004-12-02,上櫃
3067,2003-10-21,上櫃
3071,2004-12-30,上櫃
3073,2007-10-08,上櫃
3078,2005-01-31,上櫃
3081,2015-07-22,上櫃
3083,2003-12-02,上櫃
3085,2004-03-01,上櫃
3086,2004-03-29,上櫃
3088,2005-04-28,上櫃
3089,2003-10-14,上櫃
3092,2010-05-11,上櫃
3093,2005-06-17,上櫃
3095,2005-05-26,上櫃
3105,2011-12-13,上櫃
3114,2004-03-25,上櫃
3115,2005-04-08,上櫃
3118,2008-05-21,上櫃
3122,2015-01-26,上櫃
3128,2006-09-04,上櫃
3131,2011-01-17,上櫃
3141,2014-03-14,上櫃
3144,2004-12-24,上櫃
3147,2018-05-29,上櫃
3152,2008-03-24,上櫃
3162,2005-10-03,上櫃
3163,2012-12-03,上櫃
3169,2009-11-24,上櫃
3171,2004-09-17,上櫃
3176,2011-11-23,上櫃
3178,2018-11-19,上櫃
3188,2004-03-17,上櫃
3191,2005-04-12,上櫃
3202,2005-07-26,上櫃
3205,2005-09-12,上櫃
3206,2007-02-08,上櫃
3207,2004-11-04,上櫃
3211,2004-11-08,上櫃
3213,2004-10-01,上櫃
3217,2004-04-30,上櫃
3218,2004-11-29,上櫃
3219,2004-03-19,上櫃
3221,2006-02-22,上櫃
3224,2004-06-03,上櫃
3226,2004-06-16,上櫃
3227,2006-05-04,上櫃
3228,2005-03-02,上櫃
3230,2006-09-25,上櫃
3232,2004-11-01,上櫃
3234,2011-03-24,上櫃
3236,2004-12-02,上櫃
3252,2004-09-23,上櫃
3259,2007-12-24,上櫃
3260,2004-10-08,上櫃
3264,2005-01-05,上櫃
3265,2005-08-02,上櫃
3268,2005-01-27,上櫃
3272,2014-08-26,上櫃
3276,2005-01-12,上櫃
3284,2005-03-22,上櫃
3285,2012-07-23,上櫃
3287,2008-01-28,上櫃
3288,2005-04-15,上櫃
3289,2004-12-28,上櫃
3290,2005-05-19,上櫃
3293,2006-07-12,上櫃
3294,2007-04-27,上櫃
3297,2005-06-07,上櫃
3303,2007-05-28,上櫃
3306,2005-07-05,上櫃
3310,2008-06-27,上櫃
3313,2006-05-29,上櫃
3317,2007-08-09,上櫃
3322,2009-05-20,上櫃
3323,2007-06-25,上櫃
3324,2005-05-13,上櫃
3325,2005-08-15,上櫃
3332,2008-01-24,上櫃
3339,2006-06-27,上櫃
3354,2005-12-08,上櫃
3360,2006-06-06,上櫃
3362,2005-09-06,上櫃
3363,2011-02-25,上櫃
3372,2005-12-16,上櫃
3373,2007-12-13,上櫃
3374,2015-03-30,上櫃
3379,2011-10-20,上櫃
3388,2006-02-22,上櫃
3390,2006-02-22,上櫃
3402,2007-01-09,上櫃
3426,2016-12-21,上櫃
3434,2008-01-28,上櫃
3438,2006-07-19,上櫃
3441,2010-10-04,上櫃
3444,2008-09-26,上櫃
3452,2006-03-08,上櫃
3455,2007-12-27,上櫃
3465,2008-01-28,上櫃
3466,2006-05-17,上櫃
3479,2010-06-08,上櫃
3483,2006-12-18,上櫃
3484,2007-11-09,上櫃
3489,2007-09-29,上櫃
3490,2007-10-15,上櫃
3491,2008-01-03,上櫃
3492,2015-05-18,上櫃
3498,2007-09-11,上櫃
3499,2006-10-19,上櫃
3508,2007-10-17,上櫃
3511,2009-02-16,上櫃
3512,2007-07-25,上櫃
3516,2007-11-29,上櫃
3520,2007-10-12,上櫃
3521,2007-08-07,上櫃
3522,2007-10-15,上櫃
3523,2007-11-16,上櫃
3526,2007-11-02,上櫃
3527,2007-10-29,上櫃
3529,2011-01-24,上櫃
3531,2008-04-08,上櫃
3537,2010-01-25,上櫃
3540,2007-12-12,上櫃
3541,2009-12-22,上櫃
3546,2008-04-18,上櫃
3548,2008-03-27,上櫃
3551,2008-04-15,上櫃
3552,2009-01-07,上櫃
3555,2011-11-08,上櫃
3556,2008-04-15,上櫃
3558,2013-12-30,上櫃
3562,2008-06-17,上櫃
3564,2013-12-03,上櫃
3567,2010-11-22,上櫃
3570,2008-10-23,上櫃
3577,2009-01-06,上櫃
3580,2010-07-09,上櫃
3581,2015-01-20,上櫃
3587,2009-08-18,上櫃
3594,2013-05-07,上櫃
3609,2011-01-11,上櫃
3611,2008-11-26,上櫃
3615,2009-04-15,上櫃
3623,2010-04-28,上櫃
3624,2011-03-16,上櫃
3625,2009-10-28,上櫃
3628,2010-09-09,上櫃
3629,2010-05-27,上櫃
3630,2010-04-26,上櫃
3631,2010-12-20,上櫃
3632,2011-01-11,上櫃
3642,2011-09-29,上櫃
3646,2012-03-27,上櫃
3652,2009-08-27,上櫃
3663,2012-11-20,上櫃
3664,2010-06-24,上櫃
3666,2014-12-04,上櫃
3672,2015-04-20,上櫃
3675,2012-06-29,上櫃
3680,2011-08-31,上櫃
3684,2014-03-28,上櫃
3685,2010-12-08,上櫃
3687,2011-01-11,上櫃
3689,2012-10-18,上櫃
3691,2010-11-18,上櫃
3693,2013-11-27,上櫃
3707,2014-10-01,上櫃
3709,1999-04-16,上櫃
3710,2017-12-29,上櫃
4102,2001-03-20,上櫃
4105,2001-09-27,上櫃
4107,2002-03-04,上櫃
4109,2002-08-08,上櫃
4111,1999-03-06,上櫃
4113,2003-07-22,上櫃
4114,2003-05-12,上櫃
4116,2015-12-16,上櫃
4120,2003-11-05,上櫃
4121,2003-07-25,上櫃
4123,2003-10-07,上櫃
4126,2004-02-09,上櫃
4127,2005-07-29,上櫃
4128,2006-06-09,上櫃
4129,2004-09-29,上櫃
4130,2012-01-12,上櫃
4131,2004-04-09,上櫃
4138,2010-12-29,上櫃
4139,2011-04-29,上櫃
4147,2015-11-23,上櫃
4152,2012-12-21,上櫃
4153,2013-05-23,上櫃
4154,2011-12-28,上櫃
4157,2013-08-30,上櫃
4160,2012-09-17,上櫃
4161,2013-06-26,上櫃
4162,2012-09-18,上櫃
4163,2012-11-15,上櫃
4167,2015-09-08,上櫃
4168,2012-12-18,上櫃
4171,2018-03-28,上櫃
4173,2013-10-31,上櫃
4174,2015-03-23,上櫃
4175,2014-04-23,上櫃
4183,2017-03-09,上櫃
4188,2015-03-24,上櫃
4192,2014-10-28,上櫃
4198,2014-12-23,上櫃
4205,1999-01-31,上櫃
4207,2000-01-21,上櫃
4303,1999-03-10,上櫃
4304,2000-01-27,上櫃
4305,2000-09-28,上櫃
4401,1996-05-09,上櫃
4402,1997-07-23,上櫃
4406,1999-01-14,上櫃
4413,1999-07-29,上櫃
4416,2000-05-06,上櫃
4417,2000-11-07,上櫃
4419,2001-06-26,上櫃
4420,2002-04-18,上櫃
4429,2010-09-15,上櫃
4430,2011-06-09,上櫃
4432,2012-11-26,上櫃
4433,2014-11-03,上櫃
4502,1995-12-12,上櫃
4503,1996-12-19,上櫃
4506,1997-12-06,上櫃
4510,1998-02-24,上櫃
4513,1998-03-25,上櫃
4523,1999-11-22,上櫃
4527,2000-09-28,上櫃
4528,2001-02-12,上櫃
4529,2001-05-04,上櫃
4530,2001-04-30,上櫃
4533,2002-04-26,上櫃
4534,2003-03-31,上櫃
4535,2003-04-16,上櫃
4538,2019-01-15,上櫃
4541,2014-07-22,上櫃
4542,2014-08-25,上櫃
4543,2016-03-15,上櫃
4549,2014-11-27,上櫃
4550,2015-03-18,上櫃
4554,2016-08-05,上櫃
4556,2015-12-22,上櫃
4561,2018-06-11,上櫃
4563,2018-07-12,上櫃
4568,2018-10-03,上櫃
4609,2000-05-19,上櫃
4702,1995-04-21,上櫃
4706,1998-04-17,上櫃
4707,1998-05-20,上櫃
4711,1999-02-24,上櫃
4712,1999-04-03,上櫃
4714,2000-03-27,上櫃
4716,2000-03-27,上櫃
4721,2001-03-09,上櫃
4726,2013-12-25,上櫃
4728,2012-01-10,上櫃
4729,2009-02-24,上櫃
4735,2011-08-16,上櫃
4736,2010-12-01,上櫃
4741,2017-09-26,上櫃
4743,2011-09-23,上櫃
4744,2018-07-12,上櫃
4745,2013-01-30,上櫃
4747,2013-12-25,上櫃
4754,2016-09-28,上櫃
4760,2019-03-21,上櫃
4767,2018-10-29,上櫃
4803,2015-12-16,上櫃
4804,2015-12-04,上櫃
4806,2016-03-09,上櫃
4903,2001-05-14,上櫃
4905,2001-12-07,上櫃
4907,2002-03-04,上櫃
4908,2002-02-27,上櫃
4909,2002-11-28,上櫃
4911,2011-03-21,上櫃
4924,2011-10-18,上櫃
4931,2019-09-17,上櫃
4933,2010-05-04,上櫃
4939,2011-09-19,上櫃
4944,2011-05-31,上櫃
4946,2011-06-10,上櫃
4947,2011-10-18,上櫃
4950,2012-04-27,上櫃
4953,2014-01-08,上櫃
4966,2011-09-13,上櫃
4971,2013-07-24,上櫃
4972,2013-06-17,上櫃
4973,2012-06-19,上櫃
4974,2011-11-29,上櫃
4979,2011-12-12,上櫃
4987,2012-03-21,上櫃
4991,2014-09-15,上櫃
4995,2012-05-09,上櫃
5009,1998-10-17,上櫃
5011,1999-05-06,上櫃
5013,2000-05-08,上櫃
5014,2001-02-15,上櫃
5015,2000-12-15,上櫃
5016,2001-03-05,上櫃
5102,2000-10-27,上櫃
5201,2000-10-12,上櫃
5202,2000-10-18,上櫃
5205,2001-05-14,上櫃
5206,2001-10-08,上櫃
5209,2002-02-25,上櫃
5210,2002-04-25,上櫃
5211,2002-12-23,上櫃
5212,2003-03-24,上櫃
5213,2003-04-24,上櫃
5220,2018-04-26,上櫃
5223,2018-07-02,上櫃
5227,2013-12-09,上櫃
5230,2012-06-05,上櫃
5245,2015-05-25,上櫃
5251,2012-11-26,上櫃
5263,2012-12-18,上櫃
5272,2013-05-30,上櫃
5274,2013-04-30,上櫃
5276,2014-06-12,上櫃
5278,2013-06-04,上櫃
5281,2016-03-30,上櫃
5287,2014-01-20,上櫃
5289,2013-11-27,上櫃
5291,2014-12-23,上櫃
5299,2018-01-23,上櫃
5301,1990-06-25,上櫃
5302,1991-01-17,上櫃
5304,1991-07-16,上櫃
5306,1995-12-26,上櫃
5309,1996-03-18,上櫃
5310,1996-04-09,上櫃
5312,1996-05-25,上櫃
5314,1996-09-16,上櫃
5315,1996-11-02,上櫃
5321,1996-12-30,上櫃
5324,1997-01-30,上櫃
5328,1997-08-28,上櫃
5340,1998-01-20,上櫃
5344,1998-03-23,上櫃
5345,1998-03-23,上櫃
5347,1998-03-25,上櫃
5348,1998-04-29,上櫃
5349,1998-06-25,上櫃
5351,1998-05-15,上櫃
5353,1998-05-18,上櫃
5355,1998-06-23,上櫃
5356,1998-07-20,上櫃
5364,2013-08-26,上櫃
5371,1999-01-20,上櫃
5381,1999-03-19,上櫃
5383,1999-04-14,上櫃
5386,1999-05-13,上櫃
5392,1999-06-14,上櫃
5398,1999-10-11,上櫃
5403,1999-10-15,上櫃
5410,1999-11-26,上櫃
5425,2000-02-21,上櫃
5426,2000-02-09,上櫃
5432,2000-03-21,上櫃
5438,2000-06-17,上櫃
5439,2000-06-26,上櫃
5443,1998-02-09,上櫃
5450,2000-08-22,上櫃
5452,2000-10-02,上櫃
5455,2000-10-19,上櫃
5457,2000-09-29,上櫃
5460,2000-09-28,上櫃
5464,2000-11-08,上櫃
5465,2000-11-08,上櫃
5468,2001-01-17,上櫃
5474,2001-03-20,上櫃
5475,2001-01-16,上櫃
5478,2001-03-29,上櫃
5481,2001-04-27,上櫃
5483,2001-03-02,上櫃
5487,2001-02-20,上櫃
5488,2001-03-12,上櫃
5489,2001-03-12,上櫃
5490,2001-05-14,上櫃
5493,2001-05-03,上櫃
5498,2001-03-29,上櫃
5508,1998-05-13,上櫃
5511,1998-12-09,上櫃
5512,1998-12-04,上櫃
5514,1998-12-29,上櫃
5516,1999-03-23,上櫃
5520,1999-10-27,上櫃
5523,1999-12-27,上櫃
5529,1996-01-12,上櫃
5530,2000-10-04,上櫃
5536,2010-11-10,上櫃
5543,2016-05-09,上櫃
5601,1994-11-24,上櫃
5603,1997-01-25,上櫃
5604,1997-05-22,上櫃
5609,2001-10-15,上櫃
5701,1998-03-12,上櫃
5703,1999-06-15,上櫃
5704,1999-12-21,上櫃
5820,2002-02-05,上櫃
5864,2018-04-02,上櫃
5878,2014-10-28,上櫃
5902,1998-02-07,上櫃
5903,2002-02-25,上櫃
5904,2002-09-06,上櫃
5905,2003-06-17,上櫃
6015,1996-07-25,上櫃
6016,1996-12-04,上櫃
6020,2003-01-23,上櫃
6021,2003-04-21,上櫃
6023,2007-11-28,上櫃
6026,2016-01-27,上櫃
6101,2001-03-29,上櫃
6103,2001-05-07,上櫃
6104,2001-05-22,上櫃
6109,2001-07-26,上櫃
6111,2001-08-08,上櫃
6113,2001-08-10,上櫃
6114,2001-09-27,上櫃
6118,2001-10-25,上櫃
6121,2001-11-27,上櫃
6122,2000-07-14,上櫃
6123,2002-01-23,上櫃
6124,2002-03-19,上櫃
6125,2002-01-23,上櫃
6126,2002-01-18,上櫃
6127,2002-01-10,上櫃
6129,2001-12-25,上櫃
6130,2002-03-26,上櫃
6134,2002-01-08,上櫃
6138,2002-01-18,上櫃
6140,2002-02-04,上櫃
6143,2002-01-28,上櫃
6144,2002-01-23,上櫃
6146,2002-01-23,上櫃
6147,2002-01-31,上櫃
6148,2002-02-01,上櫃
6150,2002-03-11,上櫃
6151,2002-02-25,上櫃
6154,2002-02-18,上櫃
6156,2002-02-19,上櫃
6158,2002-02-19,上櫃
6160,2002-03-01,上櫃
6161,2002-03-01,上櫃
6163,2002-03-19,上櫃
6167,2002-03-26,上櫃
6169,2002-03-22,上櫃
6170,2002-04-16,上櫃
6171,2002-04-22,上櫃
6173,2002-04-19,上櫃
6174,2002-05-02,上櫃
6175,2002-06-10,上櫃
6179,2002-05-17,上櫃
6180,2002-05-21,上櫃
6182,2002-05-16,上櫃
6185,2002-08-09,上櫃
6186,2002-08-02,上櫃
6187,2002-09-27,上櫃
6188,2002-08-27,上櫃
6190,1998-02-04,上櫃
6194,2002-12-05,上櫃
6195,2002-10-21,上櫃
6198,2002-12-26,上櫃
6199,2016-10-07,上櫃
6203,2002-12-26,上櫃
6204,2002-11-13,上櫃
6207,2002-12-23,上櫃
6208,2002-12-23,上櫃
6210,2003-02-14,上櫃
6212,2002-12-26,上櫃
6217,2003-01-09,上櫃
6218,2003-01-14,上櫃
6219,2003-02-26,上櫃
6220,2003-01-09,上櫃
6221,2003-01-06,上櫃
6222,2003-01-09,上櫃
6223,2003-01-06,上櫃
6227,2003-01-14,上櫃
6228,2003-01-21,上櫃
6229,2003-01-14,上櫃
6231,2003-01-23,上櫃
6233,2003-02-20,上櫃
6234,2003-03-12,上櫃
6236,2003-03-31,上櫃
6237,2003-04-21,上櫃
6238,2003-03-31,上櫃
6240,2003-05-30,上櫃
6241,2003-04-08,上櫃
6242,2003-04-23,上櫃
6244,2003-05-15,上櫃
6245,2003-05-19,上櫃
6246,2003-06-18,上櫃
6247,2003-07-04,上櫃
6248,2003-09-03,上櫃
6259,2003-09-17,上櫃
6261,2004-03-29,上櫃
6263,2003-09-17,上櫃
6264,2004-02-24,上櫃
6265,2003-10-24,上櫃
6266,2004-04-29,上櫃
6270,2003-09-17,上櫃
6274,2003-12-18,上櫃
6275,2004-12-23,上櫃
6276,2003-10-30,上櫃
6279,2003-11-26,上櫃
6284,2004-06-29,上櫃
6287,2003-10-02,上櫃
6290,2005-06-03,上櫃
6291,2004-01-28,上櫃
6292,2003-11-26,上櫃
6294,2004-01-13,上櫃
6404,2014-07-23,上櫃
6411,2014-03-11,上櫃
6417,2015-10-08,上櫃
6418,2019-02-18,上櫃
6419,2014-12-29,上櫃
6425,2019-01-18,上櫃
6426,2014-12-17,上櫃
6432,2015-05-20,上櫃
6435,2016-01-07,上櫃
6438,2017-04-25,上櫃
6441,2017-09-27,上櫃
6446,2016-07-19,上櫃
6457,2015-06-12,上櫃
6461,2018-03-28,上櫃
6462,2015-12-23,上櫃
6465,2015-11-20,上櫃
6469,2016-03-30,上櫃
6470,2015-11-03,上櫃
6472,2017-04-19,上櫃
6482,2016-06-13,上櫃
6485,2015-11-17,上櫃
6486,2016-09-13,上櫃
6488,2015-09-25,上櫃
6492,2017-04-24,上櫃
6494,2016-05-09,上櫃
6496,2016-01-07,上櫃
6497,2017-06-01,上櫃
6499,2016-07-27,上櫃
6506,2011-05-03,上櫃
6508,2004-03-22,上櫃
6509,2004-04-12,上櫃
6510,2016-03-24,上櫃
6512,2016-03-25,上櫃
6514,2015-12-02,上櫃
6516,2019-05-06,上櫃
6523,2016-06-16,上櫃
6527,2019-12-25,上櫃
6530,2018-01-23,上櫃
6532,2016-09-26,上櫃
6535,2016-09-26,上櫃
6538,2016-10-21,上櫃
6542,2016-09-08,上櫃
6547,2018-04-17,上櫃
6548,2016-09-13,上櫃
6556,2017-10-31,上櫃
6560,2017-01-24,上櫃
6561,2018-06-05,上櫃
6568,2016-12-28,上櫃
6569,2016-12-21,上櫃
6570,2017-12-11,上櫃
6574,2017-09-04,上櫃
6576,2018-06-29,上櫃
6577,2017-03-21,上櫃
6578,2018-09-18,上櫃
6589,2019-06-28,上櫃
6590,2018-12-24,上櫃
6593,2017-11-03,上櫃
6594,2017-04-28,上櫃
6596,2018-01-04,上櫃
6603,2004-04-05,上櫃
6609,2003-09-23,上櫃
6612,2018-07-18,上櫃
6613,2017-12-28,上櫃
6615,2018-01-22,上櫃
6616,2018-01-10,上櫃
6624,2019-05-28,上櫃
6629,2019-06-06,上櫃
6640,2018-10-23,上櫃
6642,2019-09-23,上櫃
6643,2019-01-23,上櫃
6649,2019-06-05,上櫃
6654,2018-10-23,上櫃
6662,2019-03-26,上櫃
6664,2018-09-12,上櫃
6667,2018-11-13,上櫃
6679,2019-05-09,上櫃
6680,2019-09-16,上櫃
6683,2019-04-23,上櫃
6690,2019-10-30,上櫃
6697,2019-12-26,上櫃
6803,2010-05-27,上櫃
7402,2015-12-29,上櫃
8024,2006-09-25,上櫃
8027,2015-06-09,上櫃
8032,2003-10-02,上櫃
8034,2004-05-06,上櫃
8038,2013-11-21,上櫃
8040,2007-04-30,上櫃
8042,2004-03-22,上櫃
8043,2003-10-24,上櫃
8044,2005-01-24,上櫃
8047,2004-02-09,上櫃
8048,2009-09-08,上櫃
8049,2004-02-02,上櫃
8050,2003-10-24,上櫃
8054,2004-11-08,上櫃
8059,2010-03-16,上櫃
8064,2006-09-25,上櫃
8066,2004-12-24,上櫃
8067,2004-04-23,上櫃
8068,2004-03-25,上櫃
8069,2004-03-30,上櫃
8071,2003-12-29,上櫃
8074,2004-01-27,上櫃
8076,2003-12-15,上櫃
8077,2004-12-06,上櫃
8080,2004-05-10,上櫃
8083,2004-09-23,上櫃
8084,2004-03-08,上櫃
8085,2004-03-01,上櫃
8086,2009-06-01,上櫃
8087,2004-02-25,上櫃
8088,2004-02-27,上櫃
8091,2004-06-24,上櫃
8092,2004-02-02,上櫃
8093,2004-12-31,上櫃
8096,2004-07-15,上櫃
8097,2004-03-01,上櫃
8099,2004-03-29,上櫃
8107,2005-11-15,上櫃
8109,2005-03-22,上櫃
8111,2004-02-09,上櫃
8121,2005-02-17,上櫃
8147,2013-04-30,上櫃
8155,2012-12-18,上櫃
8171,2011-12-19,上櫃
8176,2013-06-25,上櫃
8182,2006-05-25,上櫃
8183,2005-03-30,上櫃
8234,2007-06-07,上櫃
8240,2005-06-23,上櫃
8255,2006-04-25,上櫃
8277,2004-12-27,上櫃
8279,2016-09-26,上櫃
8287,2005-01-03,上櫃
8289,2008-04-24,上櫃
8291,2011-11-29,上櫃
8299,2004-12-06,上櫃
8342,2017-11-23,上櫃
8349,2006-03-10,上櫃
8354,2004-04-15,上櫃
8358,2010-09-27,上櫃
8383,2004-09-10,上櫃
8390,2008-05-21,上櫃
8401,2010-03-29,上櫃
8403,2011-03-01,上櫃
8406,2012-04-27,上櫃
8409,2013-11-25,上櫃
8410,2011-02-23,上櫃
8415,2016-09-07,上櫃
8416,2012-09-19,上櫃
8418,2011-12-06,上櫃
8420,2014-11-10,上櫃
8421,2012-11-23,上櫃
8423,2012-03-14,上櫃
8424,2012-12-18,上櫃
8426,2011-12-13,上櫃
8431,2015-03-30,上櫃
8432,2012-04-30,上櫃
8433,2012-12-19,上櫃
8435,2012-12-28,上櫃
8436,2013-09-12,上櫃
8437,2015-05-06,上櫃
8440,2018-03-28,上櫃
8444,2015-10-27,上櫃
8446,2013-12-19,上櫃
8450,2014-10-07,上櫃
8455,2016-01-08,上櫃
8472,2016-01-11,上櫃
8476,2017-03-28,上櫃
8477,2016-10-31,上櫃
8489,2017-04-27,上櫃
8905,1996-01-31,上櫃
8906,1996-04-23,上櫃
8908,1997-02-14,上櫃
8913,1998-06-10,上櫃
8916,1999-04-20,上櫃
8917,1999-05-06,上櫃
8921,2000-03-21,上櫃
8923,1999-12-27,上櫃
8924,2000-02-09,上櫃
8927,2000-11-02,上櫃
8928,2001-02-02,上櫃
8929,2000-11-30,上櫃
8930,2000-12-06,上櫃
8931,2001-05-10,上櫃
8932,2001-03-29,上櫃
8933,2001-03-28,上櫃
8934,2001-09-03,上櫃
8935,2002-03-26,上櫃
8936,2002-09-09,上櫃
8937,2002-10-29,上櫃
8938,2002-12-02,上櫃
8941,2003-01-20,上櫃
8942,2003-05-16,上櫃
9949,2003-11-21,上櫃
9950,2004-02-17,上櫃
9951,2003-12-18,上櫃
9960,2004-12-06,上櫃
9962,2006-07-10,上櫃
